k,patterns,mode,algorithm,runs,median_build_ms_per_matcher,median_search_ns_per_base,median_reference_ns_per_base,mean_reference_ns_per_base,stddev_reference_ns_per_base,min_reference_ns_per_base,max_reference_ns_per_base,slower_than_best_pct
4,1,all,aho_corasick,5,0.009454,0.674521921,0.674635744,0.675345733,0.003613078,0.672172245,0.681228805,0.0000
4,1,all,bndmq,5,0.000359,1.269553247,1.269570570,1.290770863,0.050704407,1.237354373,1.349931669,88.1861
4,1,all,hash,5,0.000221,2.389818003,2.389821134,2.384631229,0.067888943,2.281385556,2.469332826,254.2387
4,1,first,aho_corasick,5,0.009996,0.285341486,0.285442000,0.285233415,0.004691010,0.278449600,0.289946703,0.0000
4,1,first,bndmq,5,0.000718,0.810067571,0.810078118,0.815841771,0.053449023,0.757210583,0.899296480,183.7978
4,1,first,hash,5,0.000166,1.288651463,1.288653831,1.287611653,0.022079760,1.259256934,1.320544479,351.4591
4,2,all,aho_corasick,5,0.010509,4.980746364,4.980853084,4.983659719,0.121456444,4.828403548,5.168397115,94.8740
4,2,all,bndmq,5,0.000885,2.555907544,2.555934973,2.533154977,0.070017712,2.458494473,2.625242454,0.0000
4,2,all,hash,5,0.000283,2.660313390,2.660316306,2.658222741,0.039860688,2.614481446,2.700133633,4.0839
4,2,first,aho_corasick,5,0.010843,2.137817539,2.137932351,2.163343335,0.042927585,2.131569645,2.228647262,81.1464
4,2,first,bndmq,5,0.001286,1.180209613,1.180223273,1.649172453,0.731349756,1.100851607,2.729662347,0.0000
4,2,first,hash,5,0.000275,1.204347394,1.204350272,1.210685159,0.032106627,1.173635997,1.257101947,2.0443
4,4,all,aho_corasick,5,0.013610,2.249077318,2.249237692,2.244619202,0.023771982,2.208438774,2.266672523,0.0000
4,4,all,bndmq,5,0.001866,4.886824376,4.886846546,4.854990881,0.106272863,4.715033169,4.990248204,117.2668
4,4,all,hash,5,0.000416,3.202659150,3.202663986,3.172146217,0.083881164,3.071699144,3.260940242,42.3889
4,4,first,aho_corasick,5,0.015915,0.758647293,0.758811222,0.771579816,0.034230290,0.751707908,0.832490038,0.0000
4,4,first,bndmq,5,0.002395,2.148161555,2.148190474,2.307309434,0.489095296,1.795135449,2.863891332,183.0995
4,4,first,hash,5,0.000327,1.054632367,1.054637587,1.075079039,0.070433313,1.015961116,1.197178903,38.9855
4,8,all,aho_corasick,5,0.020062,2.345033519,2.345212350,2.347545320,0.013546004,2.332686624,2.363049882,0.0000
4,8,all,bndmq,5,0.003704,9.545873862,9.545919966,9.601885482,0.166721317,9.467708931,9.875593419,307.0386
4,8,all,hash,5,0.000567,4.399371360,4.399377206,4.337612227,0.116056870,4.180626164,4.443769632,87.5897
4,8,first,aho_corasick,5,0.018023,0.539245894,0.539422624,0.540095601,0.001430164,0.538968960,0.542401481,0.0000
4,8,first,bndmq,5,0.003396,1.706254360,1.706299057,1.706930171,0.019274455,1.685774907,1.733668510,216.3195
4,8,first,hash,5,0.000417,0.845586701,0.845592302,0.853932380,0.038491699,0.823771199,0.917846403,56.7588
4,16,all,aho_corasick,5,0.024791,2.670256562,2.670507534,2.680229910,0.025949776,2.657548875,2.721750931,0.0000
4,16,all,bndmq,5,0.005797,18.895507764,18.895579408,19.095327486,0.306663334,18.859559353,19.531962253,607.5651
4,16,all,hash,5,0.001091,4.893285025,4.893299075,4.896505487,0.065154564,4.833696235,4.987671482,83.2348
4,16,first,aho_corasick,5,0.030425,0.385068478,0.385393298,0.385976864,0.003199351,0.383335330,0.391454631,0.0000
4,16,first,bndmq,5,0.006387,1.996290449,1.996465720,2.018640309,0.279067158,1.738732191,2.432455808,418.0333
4,16,first,hash,5,0.001061,0.542446872,0.542456014,0.598173995,0.132276260,0.514139701,0.833024119,40.7539
4,32,all,aho_corasick,5,0.041431,3.391316649,3.391699811,3.422385910,0.070214031,3.351704321,3.520299574,0.0000
4,32,all,hash,5,0.001614,6.887129163,6.887155900,6.860038546,0.047043248,6.791149527,6.902846776,103.0591
4,32,first,aho_corasick,5,0.041341,0.317493780,0.317929602,0.318654704,0.007062624,0.309542087,0.326653802,0.0000
4,32,first,bndmq,5,0.010858,2.818208924,2.818544393,2.907450824,1.063051255,1.806118899,4.641900279,786.5310
4,32,first,hash,5,0.002408,0.457915997,0.457957536,0.478477484,0.054706738,0.433497803,0.568365961,44.0437
4,64,all,aho_corasick,5,0.056831,5.059276266,5.059938295,5.143125517,0.131507773,5.030981980,5.294418467,0.0000
4,64,all,hash,5,0.001698,10.787731178,10.787767245,10.758124556,0.094312533,10.624398467,10.870658147,113.1996
4,64,first,aho_corasick,5,0.058725,0.252073063,0.252714506,0.253751448,0.009104385,0.243287599,0.265365232,0.0000
4,64,first,bndmq,5,0.032132,1.849115477,1.849563433,1.869801625,0.061286130,1.791033367,1.933656913,631.8786
4,64,first,hash,5,0.001901,0.318157845,0.318179057,0.320574943,0.005877249,0.314139869,0.328760575,25.9045
4,128,all,aho_corasick,5,0.089287,8.214496781,8.215386589,8.176407111,0.137772019,7.953342438,8.316319682,0.0000
4,128,all,hash,5,0.002845,10.988726633,10.988794957,11.007218311,0.085601311,10.898221504,11.095850218,33.7587
4,128,first,aho_corasick,5,0.086797,0.207948914,0.208845487,0.212273414,0.008492981,0.205068190,0.225797273,12.7818
4,128,first,bndmq,5,0.050069,1.825977068,1.827280845,1.859172378,0.107112496,1.780291089,2.041844196,886.7776
4,128,first,hash,5,0.002936,0.185138130,0.185176555,0.187721818,0.007878391,0.179821830,0.197494015,0.0000
4,256,all,aho_corasick,5,0.152414,7.507012136,7.508887932,7.668533009,0.288511464,7.398739373,8.081178968,0.0000
4,256,all,hash,5,0.005560,7.810700909,7.810768428,7.831110388,0.217776783,7.595118420,8.186430107,4.0203
4,256,first,aho_corasick,5,0.167974,0.097202126,0.098632683,0.099084616,0.002475991,0.096668257,0.102247266,0.0000
4,256,first,bndmq,5,0.037409,1.901671717,1.902061136,1.874640885,0.086913391,1.771822466,1.966192538,1828.4289
4,256,first,hash,5,0.005901,0.099996860,0.100146440,0.102264755,0.005964833,0.095833178,0.110400149,1.5347
6,1,all,aho_corasick,5,0.009981,0.595623210,0.595726983,0.596632538,0.005721198,0.589692631,0.603297975,0.0000
6,1,all,bndmq,5,0.000386,0.886747606,0.886754640,0.888897050,0.022127738,0.865264757,0.913529981,48.8525
6,1,all,hash,5,0.000147,2.093854897,2.093857985,2.092049767,0.039299069,2.030346213,2.130130327,251.4795
6,1,first,aho_corasick,5,0.009457,0.333905360,0.334003351,0.338449519,0.011378786,0.327788231,0.357081402,0.0000
6,1,first,bndmq,5,0.000357,0.647234974,0.647249826,0.659093867,0.029134826,0.638694312,0.708189264,93.7854
6,1,first,hash,5,0.000177,1.485616421,1.485618564,1.471322164,0.053589451,1.407379107,1.531907927,344.7915
6,2,all,aho_corasick,5,0.011449,5.209813104,5.209932583,5.252302528,0.101151176,5.180607143,5.429813520,209.0663
6,2,all,bndmq,5,0.000894,1.685687942,1.685700511,1.679763436,0.035310893,1.627142709,1.725022859,0.0000
6,2,all,hash,5,0.000212,2.116872680,2.116875441,2.119122613,0.003986180,2.115975526,2.125419741,25.5784
6,2,first,aho_corasick,5,0.012341,3.637622094,3.637748512,3.649443402,0.080056863,3.589895538,3.785902711,187.5265
6,2,first,bndmq,5,0.000813,1.265175418,1.265187384,1.267330140,0.040239028,1.209946973,1.318490639,0.0000
6,2,first,hash,5,0.000227,1.548258563,1.548261578,1.530827142,0.050285721,1.457411790,1.590972595,22.3741
6,4,all,aho_corasick,5,0.014486,2.107698105,2.107845883,2.115565452,0.053706144,2.062135069,2.191963098,0.0000
6,4,all,bndmq,5,0.001853,3.193252114,3.193275459,3.230727085,0.119863096,3.132594323,3.439842171,51.4947
6,4,all,hash,5,0.000327,2.352866203,2.352869985,2.350686250,0.012798457,2.337228102,2.366339185,11.6244
6,4,first,aho_corasick,5,0.015215,1.425064792,1.425221879,1.417036267,0.018355411,1.386070202,1.429960813,0.0000
6,4,first,bndmq,5,0.001890,2.260025347,2.260052411,2.301930323,0.078122631,2.226679997,2.408052232,58.5755
6,4,first,hash,5,0.000399,1.614575814,1.614580937,1.621942964,0.049244923,1.571888064,1.689235590,13.2863
6,8,all,aho_corasick,5,0.021975,2.149095769,2.149380820,2.150889029,0.014525419,2.131970741,2.169306720,0.0000
6,8,all,bndmq,5,0.003380,6.381770733,6.381946543,6.367805727,0.160610703,6.203457217,6.588144208,196.9202
6,8,all,hash,5,0.000424,2.714033691,2.714041909,2.759994819,0.103095311,2.677924252,2.934170486,26.2709
6,8,first,aho_corasick,5,0.020622,1.409894823,1.410118747,1.415216190,0.053064266,1.361443425,1.474269263,0.0000
6,8,first,bndmq,5,0.003520,4.375718787,4.375765062,4.379816165,0.101038083,4.260180648,4.523475204,210.3118
6,8,first,hash,5,0.000752,1.816905059,1.816916909,2.196247970,0.678776878,1.768925361,3.352236340,28.8485
6,16,all,aho_corasick,5,0.033459,2.165690518,2.166244614,2.146605119,0.043210285,2.086368507,2.194814557,0.0000
6,16,all,bndmq,5,0.005542,12.446793123,12.446875662,12.511110604,0.234629247,12.293523717,12.900932021,474.5831
6,16,all,hash,5,0.000976,2.717157901,2.717170367,2.736608109,0.080741093,2.666408162,2.867784917,25.4323
6,16,first,aho_corasick,5,0.039870,1.214748238,1.215168508,1.211998633,0.016447915,1.187868577,1.233432992,0.0000
6,16,first,bndmq,5,0.005791,8.412824610,8.412898220,8.905203501,1.111423020,7.718908886,10.532401958,592.3236
6,16,first,hash,5,0.001280,1.695749006,1.695764766,2.041076375,0.583354432,1.580962556,2.775146613,39.5498
6,32,all,aho_corasick,5,0.057301,2.170704574,2.171512400,2.173066827,0.028790707,2.140840412,2.213738530,0.0000
6,32,all,hash,5,0.001159,2.923232254,2.923248572,2.941332324,0.086579710,2.846425635,3.061424479,34.6181
6,32,first,aho_corasick,5,0.058708,1.079096487,1.079613236,1.080268565,0.018456642,1.060185245,1.106038590,0.0000
6,32,first,bndmq,5,0.009010,12.006704666,12.006890486,12.359172594,0.630244354,11.851285608,13.318107490,1012.1474
6,32,first,hash,5,0.001283,1.398287694,1.398305829,1.385765411,0.029125512,1.340301230,1.414962004,29.5191
6,64,all,aho_corasick,5,0.085645,2.193410763,2.194288216,2.208239796,0.033643080,2.179654205,2.258139160,0.0000
6,64,all,hash,5,0.001706,3.036159221,3.036192958,3.032932852,0.017667840,3.012923249,3.057308889,38.3680
6,64,first,aho_corasick,5,0.084638,0.827758788,0.828641203,0.831804132,0.009348280,0.821351084,0.845004935,0.0000
6,64,first,bndmq,5,0.027126,16.345036280,16.345380767,16.303867109,0.234317640,16.069390072,16.640865716,1872.5523
6,64,first,hash,5,0.001783,1.021103961,1.021131288,1.021027072,0.022902458,0.986218430,1.043404313,23.2296
6,128,all,aho_corasick,5,0.152264,2.220690969,2.222152741,2.223379259,0.017965961,2.197591315,2.247156061,0.0000
6,128,all,hash,5,0.003231,3.479993240,3.480030010,3.482256262,0.026375669,3.452170601,3.524666536,56.6062
6,128,first,aho_corasick,5,0.149649,0.583259443,0.584868885,0.586520824,0.002784370,0.584215012,0.590735274,0.0000
6,128,first,bndmq,5,0.057798,19.366864756,19.367703665,19.278421883,0.282921137,18.803976837,19.489323181,3211.4608
6,128,first,hash,5,0.003011,0.698833932,0.698876612,0.701452442,0.011494982,0.690445094,0.715410749,19.4929
6,256,all,aho_corasick,5,0.248052,3.054336261,3.056824596,3.055506477,0.027681398,3.023844552,3.093666283,0.0000
6,256,all,hash,5,0.005280,4.523292033,4.523434103,4.527657331,0.036151572,4.485033630,4.575314089,47.9782
6,256,first,aho_corasick,5,0.248063,0.496098068,0.498833482,0.490509597,0.014398593,0.468366763,0.501173228,0.0000
6,256,first,hash,5,0.005390,0.531392607,0.531467847,0.533357887,0.010430135,0.522403025,0.550691259,6.5421
6,1000,all,aho_corasick,5,0.720825,5.970213850,5.977491815,6.005307399,0.100713853,5.916737977,6.171314747,0.0000
6,1000,all,hash,5,0.013035,10.927497835,10.927652725,10.971778469,0.164538234,10.768945492,11.211401177,82.8133
6,1000,first,aho_corasick,5,0.936187,0.381020838,0.396194608,0.389019150,0.012751438,0.368677043,0.399360761,2.2036
6,1000,first,hash,5,0.012343,0.387343865,0.387652245,0.377510755,0.015049910,0.359014992,0.389890170,0.0000
8,1,all,aho_corasick,5,0.009986,0.591099209,0.591198205,0.593140003,0.007138896,0.585795814,0.604008419,1.7712
8,1,all,bndmq,5,0.000349,0.580902035,0.580909014,0.574062317,0.015245591,0.556094211,0.587911084,0.0000
8,1,all,hash,5,0.000161,1.972608396,1.972610868,2.013767378,0.061035031,1.969864712,2.104320290,239.5731
8,1,first,aho_corasick,5,0.012392,0.324575664,0.324702757,0.331747596,0.010211924,0.324064640,0.344696778,0.0000
8,1,first,bndmq,5,0.000397,0.460153270,0.460160197,0.469149725,0.017313161,0.456431738,0.497811197,41.7174
8,1,first,hash,5,0.000200,1.409320917,1.409323125,1.463543795,0.148399584,1.363169283,1.726579239,334.0349
8,2,all,aho_corasick,5,0.012131,5.375272015,5.375397914,5.392794126,0.068512687,5.305645051,5.472845017,400.2002
8,2,all,bndmq,5,0.000862,1.074636936,1.074649214,1.084286193,0.025252604,1.067522208,1.128543246,0.0000
8,2,all,hash,5,0.000219,2.055910014,2.055914492,2.068809254,0.030037697,2.041241170,2.112248940,91.3103
8,2,first,aho_corasick,5,0.012077,3.862209867,3.862349369,3.872066420,0.063847913,3.798130959,3.974637092,370.2238
8,2,first,bndmq,5,0.000879,0.821372734,0.821385386,0.829212999,0.020101183,0.809526640,0.854969574,0.0000
8,2,first,hash,5,0.000261,1.481058814,1.481062992,1.480262383,0.022498391,1.444932131,1.505527184,80.3128
8,4,all,aho_corasick,5,0.016763,2.115008459,2.115214470,2.118369001,0.051626047,2.046374501,2.191789672,1.8048
8,4,all,bndmq,5,0.001976,2.077691346,2.077716629,2.128130138,0.121612877,2.030487397,2.317008219,0.0000
8,4,all,hash,5,0.000391,2.223650073,2.223657927,2.248205071,0.058191745,2.186416883,2.324559655,7.0241
8,4,first,aho_corasick,5,0.016196,1.485023667,1.485202481,1.489142496,0.017822449,1.475613821,1.519437481,0.0000
8,4,first,bndmq,5,0.002062,1.906878800,1.906903287,1.894941325,0.069707229,1.780163475,1.969595988,28.3935
8,4,first,hash,5,0.000463,1.567802541,1.567808034,1.591426682,0.066145814,1.545715271,1.708420619,5.5619
8,8,all,aho_corasick,5,0.024589,2.112836979,2.113093096,2.114105086,0.037145924,2.056580822,2.148985003,0.0000
8,8,all,bndmq,5,0.003299,4.061325538,4.061377405,4.122336280,0.142600182,4.034990407,4.371933663,92.2006
8,8,all,hash,5,0.000429,2.696215151,2.696225639,2.694478368,0.144808134,2.533658451,2.863896866,27.5962
8,8,first,aho_corasick,5,0.027479,1.492730023,1.492985119,1.488243408,0.009579562,1.477705249,1.498606101,0.0000
8,8,first,bndmq,5,0.003318,2.979216715,2.979257578,2.979022786,0.020527812,2.952532563,3.006913252,99.5504
8,8,first,hash,5,0.000487,1.830782285,1.830788252,1.883906428,0.111702627,1.817497659,2.081201186,22.6260
8,16,all,aho_corasick,5,0.040545,2.112305156,2.112788731,2.125026317,0.035803957,2.079913415,2.166823547,0.0000
8,16,all,bndmq,5,0.006159,8.008359243,8.008462238,8.047358020,0.160672240,7.853806385,8.277434025,279.0470
8,16,all,hash,5,0.000770,2.677035975,2.677093918,2.677648617,0.066913031,2.610809025,2.782603791,26.7090
8,16,first,aho_corasick,5,0.041581,1.491237970,1.491663626,1.490186687,0.010090323,1.477478404,1.504186897,0.0000
8,16,first,bndmq,5,0.005608,5.727904017,5.727974715,5.756306097,0.098591369,5.684109876,5.923049788,283.9991
8,16,first,hash,5,0.000693,1.787692554,1.787702598,1.785092325,0.012509302,1.769717837,1.802408145,19.8462
8,32,all,aho_corasick,5,0.067143,2.099063657,2.099972859,2.099914036,0.010110788,2.091022002,2.115661690,0.0000
8,32,all,bndmq,5,0.008809,15.743845189,15.743969946,15.807009731,0.157735065,15.687241040,16.069250252,649.7225
8,32,all,hash,5,0.001250,2.579403985,2.579421191,2.584716456,0.069221032,2.526131255,2.700058840,22.8312
8,32,first,aho_corasick,5,0.067833,1.483820229,1.484499780,1.482812440,0.009274122,1.470615151,1.491958738,0.0000
8,32,first,bndmq,5,0.008072,11.164294976,11.164483902,11.232155907,0.153713388,11.107719837,11.491026922,652.0704
8,32,first,hash,5,0.001246,1.783224254,1.783240373,1.787223555,0.032861109,1.752496535,1.827618585,20.1240
8,64,all,aho_corasick,5,0.116071,2.097826707,2.099007225,2.105712006,0.037314960,2.057964074,2.153805370,0.0000
8,64,all,hash,5,0.001550,2.812028224,2.812052921,2.804750114,0.030462954,2.760591583,2.833461890,33.9706
8,64,first,aho_corasick,5,0.116244,1.458585191,1.459807964,1.460100386,0.010928223,1.446574445,1.475655150,0.0000
8,64,first,hash,5,0.001703,1.851931555,1.851966644,1.869811713,0.036534876,1.842029286,1.930185416,26.8637
8,128,all,aho_corasick,5,0.204402,2.233157884,2.235229945,2.244461788,0.025049612,2.225958593,2.286241003,0.0000
8,128,all,hash,5,0.003040,2.609791730,2.609832410,2.610788358,0.014929966,2.590951303,2.631376192,16.7590
8,128,first,aho_corasick,5,0.204165,1.491311087,1.493445363,1.495199983,0.023926969,1.463166044,1.529261491,0.0000
8,128,first,hash,5,0.003251,1.644218062,1.644285136,1.666185618,0.048679380,1.635034830,1.751229258,10.1001
8,256,all,aho_corasick,5,0.386901,2.467093036,2.470668499,2.465059616,0.057087523,2.396232768,2.527165986,0.0000
8,256,all,hash,5,0.005841,2.661729697,2.661882676,2.659309423,0.015280305,2.639348231,2.674593931,7.7394
8,256,first,aho_corasick,5,0.489346,1.487189236,1.492873424,1.499242666,0.026322244,1.471055568,1.541627297,0.0000
8,256,first,hash,5,0.007474,1.494546861,1.494689321,1.499373913,0.016163641,1.483268123,1.523455623,0.1216
8,1000,all,aho_corasick,5,1.270620,3.251162388,3.263937992,3.265384957,0.024776677,3.232305445,3.298573263,8.7038
8,1000,all,hash,5,0.018234,3.002273735,3.002596945,3.050233535,0.113290056,2.966277477,3.243596693,0.0000
8,1000,first,aho_corasick,5,1.321055,1.247042736,1.259410281,1.271418339,0.026503106,1.253258673,1.317705245,23.7185
8,1000,first,hash,5,0.018053,1.017797294,1.017964714,1.015992740,0.021080995,0.992511135,1.045835008,0.0000
8,10000,all,aho_corasick,5,9.718562,13.618867202,13.716694527,13.749087186,0.101218167,13.633504223,13.896438977,50.2105
8,10000,all,hash,5,0.124322,9.129182042,9.131646227,9.090945844,0.215317463,8.864133142,9.399731671,0.0000
8,10000,first,aho_corasick,5,9.640676,0.946205358,1.043789142,1.043856704,0.005656366,1.036980226,1.052590705,110.6273
8,10000,first,hash,5,0.125283,0.494169232,0.495562019,0.495823394,0.003398473,0.491917836,0.499393461,0.0000
10,1,all,aho_corasick,5,0.010240,0.616681005,0.616787189,0.610711271,0.010516450,0.595849588,0.618889157,26.8912
10,1,all,bndmq,5,0.000465,0.486067573,0.486075648,0.488775556,0.022070124,0.467370778,0.525299935,0.0000
10,1,all,hash,5,0.000138,1.993747590,1.993749753,1.984380167,0.026181092,1.952859047,2.016263864,310.1727
10,1,first,aho_corasick,5,0.010986,0.326401441,0.326515318,0.326635919,0.001681679,0.324662848,0.329243745,0.0000
10,1,first,bndmq,5,0.000410,0.363861696,0.363868999,0.361397095,0.008789642,0.348242232,0.370854613,11.4401
10,1,first,hash,5,0.000157,1.405105447,1.405107741,1.400300562,0.016356149,1.376370611,1.417406120,330.3344
10,2,all,aho_corasick,5,0.012884,5.730233630,5.730387228,5.699960658,0.060665102,5.631043478,5.764747761,556.3639
10,2,all,bndmq,5,0.001032,0.873035321,0.873050298,0.892774344,0.041069059,0.855019055,0.954883073,0.0000
10,2,all,hash,5,0.000286,2.091527315,2.091530470,2.086085340,0.024695502,2.060120623,2.121367120,139.5659
10,2,first,aho_corasick,5,0.012956,4.080408278,4.080544306,4.077937290,0.029291408,4.032055224,4.105556565,529.4868
10,2,first,bndmq,5,0.000845,0.648221528,0.648233508,0.658583932,0.021203860,0.639978039,0.691922822,0.0000
10,2,first,hash,5,0.000407,1.511015850,1.511021652,1.497032624,0.060001879,1.430254278,1.567572680,133.0984
10,4,all,aho_corasick,5,0.018675,2.102642352,2.102825506,2.129232973,0.059453885,2.073714249,2.203495116,27.5597
10,4,all,bndmq,5,0.001985,1.648478985,1.648503302,1.654747245,0.020717175,1.628627941,1.676228266,0.0000
10,4,all,hash,5,0.000431,2.255992333,2.255996208,2.264323788,0.032884318,2.227407178,2.313220457,36.8512
10,4,first,aho_corasick,5,0.017654,1.522262870,1.522443481,1.513997953,0.013088589,1.494395386,1.523650866,29.4338
10,4,first,bndmq,5,0.002274,1.176205296,1.176233501,1.188955794,0.023914689,1.168405427,1.217552016,0.0000
10,4,first,hash,5,0.000466,1.584147039,1.584152625,1.599450691,0.049598524,1.542253755,1.672389318,34.6801
10,8,all,aho_corasick,5,0.027033,2.155711727,2.156004993,2.143113636,0.039902772,2.085838290,2.177384986,0.0000
10,8,all,bndmq,5,0.003314,3.064465047,3.064506314,3.128261064,0.155380989,3.019709514,3.397466505,42.1382
10,8,all,hash,5,0.000505,2.643192818,2.643199123,2.652527755,0.061979847,2.587778811,2.749314471,22.5971
10,8,first,aho_corasick,5,0.027979,1.508693252,1.508966243,1.507837042,0.005924346,1.499022044,1.514816262,0.0000
10,8,first,bndmq,5,0.003340,2.231121604,2.231163437,2.254713184,0.049374722,2.225546960,2.341259944,47.8604
10,8,first,hash,5,0.000430,1.825668709,1.825674056,1.857957560,0.057817031,1.816272502,1.953066291,20.9884
10,16,all,aho_corasick,5,0.044131,2.122298396,2.122750324,2.133160219,0.049988204,2.077535796,2.199980154,0.0000
10,16,all,bndmq,5,0.005790,6.080440426,6.080510987,6.090385647,0.124803622,5.972098887,6.292450858,186.4449
10,16,all,hash,5,0.000746,2.598198098,2.598206839,2.605187527,0.032127174,2.574677169,2.640074810,22.3981
10,16,first,aho_corasick,5,0.044030,1.553052582,1.553533063,1.559003923,0.038443725,1.528760403,1.624230060,0.0000
10,16,first,bndmq,5,0.005638,4.350953929,4.351053187,4.363006165,0.034480929,4.336566423,4.422224711,180.0747
10,16,first,hash,5,0.000776,1.970690378,1.970699075,1.972506150,0.077375784,1.867929418,2.081082517,26.8527
10,32,all,aho_corasick,5,0.078920,2.084628543,2.085427552,2.095270645,0.045134967,2.036328786,2.157484026,0.0000
10,32,all,bndmq,5,0.008302,11.742044904,11.742296083,11.732206161,0.071890027,11.646961946,11.832642039,463.0642
10,32,all,hash,5,0.001341,2.546939324,2.546977508,2.558107499,0.024022974,2.538041846,2.594291349,22.1322
10,32,first,aho_corasick,5,0.087014,1.517013284,1.517898629,1.527833239,0.021274006,1.516250415,1.565731730,0.0000
10,32,first,bndmq,5,0.008431,8.654397575,8.654511536,8.679406072,0.068833239,8.597738619,8.771621535,470.1640
10,32,first,hash,5,0.001369,1.813554752,1.813572323,1.813350191,0.023035666,1.778024347,1.837079011,19.4791
10,64,all,aho_corasick,5,0.182007,2.124541504,2.126378289,2.106381183,0.043858293,2.032209515,2.142814602,0.0000
10,64,all,hash,5,0.001959,2.673646601,2.673671346,2.686165647,0.065511026,2.619177069,2.795927905,25.7383
10,64,first,aho_corasick,5,0.151355,1.613435843,1.614971873,1.619033393,0.031045199,1.573065833,1.655275765,0.0000
10,64,first,bndmq,5,0.025856,17.662859497,17.663163262,17.597430034,0.147686266,17.386476306,17.719008348,993.7134
10,64,first,hash,5,0.001894,1.844942260,1.844978328,1.851943506,0.033958321,1.820837881,1.900320112,14.2421
10,128,all,aho_corasick,5,0.265145,2.218452663,2.221246818,2.214411070,0.034111114,2.162285575,2.252987479,0.0000
10,128,all,hash,5,0.003381,2.532759534,2.532808124,2.540440816,0.027429922,2.512955879,2.581727227,14.0264
10,128,first,aho_corasick,5,0.289035,1.683694953,1.687115026,1.691629238,0.026191834,1.664513301,1.735086935,0.0000
10,128,first,hash,5,0.003036,1.853547543,1.853617023,1.858202208,0.028548119,1.827325630,1.904852655,9.8690
10,256,all,aho_corasick,5,0.488872,2.458647733,2.463718183,2.453039384,0.039834737,2.396273297,2.499746711,0.0000
10,256,all,hash,5,0.005961,2.539403251,2.539479301,2.542539727,0.011271108,2.532448955,2.560792698,3.0751
10,256,first,aho_corasick,5,0.498810,1.852430765,1.858271253,1.856145308,0.027634146,1.828602853,1.899274611,1.5638
10,256,first,hash,5,0.006101,1.829579031,1.829658671,1.835960452,0.037745850,1.802754984,1.896943616,0.0000
10,1000,all,aho_corasick,5,1.839121,3.397861114,3.416818346,3.381137299,0.067470033,3.299000522,3.447273395,32.2540
10,1000,all,hash,5,0.015399,2.583337813,2.583526663,2.578700461,0.012000966,2.562875194,2.591425577,0.0000
10,1000,first,aho_corasick,5,1.895817,2.477416635,2.496817396,2.525487891,0.043260740,2.491485417,2.586269047,44.7109
10,1000,first,hash,5,0.018825,1.725037580,1.725382619,1.738303949,0.020676732,1.719787190,1.762236066,0.0000
10,10000,all,aho_corasick,5,17.503457,8.966262127,9.149908480,9.137032590,0.150254982,8.966751246,9.362005136,171.3343
10,10000,all,hash,5,0.137436,3.370671509,3.372189736,3.381231356,0.044652011,3.339217352,3.449428341,0.0000
10,10000,first,aho_corasick,5,18.603417,4.431142768,4.616564637,4.698558681,0.164290203,4.593301673,4.984620961,204.1031
10,10000,first,hash,5,0.161912,1.516325907,1.518092094,1.555718785,0.105100474,1.478655223,1.739707491,0.0000
10,100000,all,hash,5,2.465801,10.120690319,10.146495217,10.236005438,0.221817508,10.045093160,10.595539499,0.0000
10,100000,first,aho_corasick,5,135.563175,3.424184712,4.791184638,4.793687223,0.315170488,4.498717793,5.305179300,457.7638
10,100000,first,hash,5,1.749924,0.840083170,0.858998832,0.865032736,0.029012463,0.828944192,0.902496065,0.0000
10,1000000,first,aho_corasick,5,1142.656082,3.412706405,14.822414585,14.685171365,0.628844625,14.036479637,15.462277705,1069.3478
10,1000000,first,hash,5,52.748739,0.712686545,1.267579655,1.277880476,0.033853062,1.249519001,1.335118030,0.0000
12,1,all,aho_corasick,5,0.010953,0.617523627,0.617637548,0.617179359,0.004633350,0.609550167,0.621433284,54.3271
12,1,all,bndmq,5,0.000412,0.400206084,0.400213305,0.398892768,0.011493299,0.386319877,0.415740328,0.0000
12,1,all,hash,5,0.000234,2.052894420,2.052897478,2.058482742,0.019299271,2.034305771,2.083116593,412.9508
12,1,first,aho_corasick,5,0.011152,0.330147651,0.330280955,0.332989358,0.006910972,0.325838341,0.342602976,9.1072
12,1,first,bndmq,5,0.000373,0.302704644,0.302712219,0.303488745,0.001807180,0.301773563,0.305821085,0.0000
12,1,first,hash,5,0.000180,1.404791207,1.404794954,1.399607337,0.018026634,1.368156126,1.413284409,364.0695
12,2,all,aho_corasick,5,0.013853,5.734237748,5.734378575,5.732334246,0.063913331,5.655167540,5.819839053,724.2522
12,2,all,bndmq,5,0.000943,0.695687812,0.695706759,0.699046164,0.011458314,0.689641153,0.718160586,0.0000
12,2,all,hash,5,0.000235,2.115768082,2.115771844,2.122141225,0.077643810,2.051736697,2.241115873,204.1183
12,2,first,aho_corasick,5,0.014111,4.204346764,4.204487081,4.192342672,0.024173493,4.156172816,4.211225577,670.2316
12,2,first,bndmq,5,0.000841,0.545860720,0.545873065,0.554777401,0.022030252,0.536107326,0.592104067,0.0000
12,2,first,hash,5,0.000245,1.463960363,1.463963500,1.469116965,0.011143532,1.458076232,1.484941083,168.1875
12,4,all,aho_corasick,5,0.020595,2.108972981,2.109203308,2.100049751,0.026106921,2.058732870,2.127553163,64.5165
12,4,all,bndmq,5,0.002208,1.282037279,1.282061795,1.283225854,0.017078657,1.264754861,1.301410955,0.0000
12,4,all,hash,5,0.000403,2.292564752,2.292568557,2.303136220,0.094373354,2.209681858,2.458129728,78.8189
12,4,first,aho_corasick,5,0.021172,1.476634241,1.476880616,1.483614865,0.031621173,1.441963247,1.522978362,47.6403
12,4,first,bndmq,5,0.001931,1.000298872,1.000323468,0.993513022,0.015488975,0.975137172,1.010772772,0.0000
12,4,first,hash,5,0.000393,1.783798124,1.783802300,1.749102724,0.144119962,1.579990855,1.893551856,78.3225
12,8,all,aho_corasick,5,0.033123,2.133470799,2.133876067,2.119561307,0.048183003,2.045239699,2.161387444,0.0000
12,8,all,bndmq,5,0.003972,2.509753848,2.509862419,2.502119332,0.031673068,2.454559081,2.538356452,17.6199
12,8,all,hash,5,0.000584,2.569015292,2.569021828,2.563563373,0.036062018,2.521412113,2.603515490,20.3923
12,8,first,aho_corasick,5,0.031455,1.530997248,1.531305651,1.539394954,0.024765028,1.513264998,1.575387004,0.0000
12,8,first,bndmq,5,0.003247,1.795960589,1.796003189,1.805341101,0.029114576,1.777555534,1.843539170,17.2857
12,8,first,hash,5,0.000521,1.863837717,1.863843572,1.867304472,0.027174505,1.836209965,1.909560720,21.7160
12,16,all,aho_corasick,5,0.052987,2.112952626,2.113629103,2.098502798,0.034353325,2.043100878,2.129132737,0.0000
12,16,all,bndmq,5,0.006301,4.675281991,4.675599636,4.696977631,0.078057256,4.616959979,4.819622901,121.2119
12,16,all,hash,5,0.000832,2.641681206,2.641694336,2.624704969,0.076260431,2.534783488,2.704519377,24.9838
12,16,first,aho_corasick,5,0.055468,1.565854613,1.566416380,1.579002462,0.039254058,1.527702289,1.625434854,0.0000
12,16,first,bndmq,5,0.005506,3.502411543,3.502483099,3.490187061,0.044685505,3.425842708,3.547115310,123.5985
12,16,first,hash,5,0.000759,1.822418543,1.822431373,1.834801236,0.041937091,1.785838006,1.896808871,16.3440
12,32,all,aho_corasick,5,0.101218,2.103919889,2.104839871,2.113889647,0.039293500,2.076164904,2.180332419,0.0000
12,32,all,bndmq,5,0.007945,9.228042466,9.228143854,9.191022815,0.110955827,9.045775523,9.329030594,338.4250
12,32,all,hash,5,0.001597,2.530093549,2.530113988,2.527049253,0.020492687,2.496679963,2.554056680,20.2046
12,32,first,aho_corasick,5,0.103549,1.540740634,1.541794114,1.551028923,0.036250678,1.515275299,1.611608785,0.0000
12,32,first,bndmq,5,0.009529,6.883002576,6.883115361,6.912038051,0.123803142,6.808814127,7.116225578,346.4354
12,32,first,hash,5,0.001366,1.802206172,1.802229541,1.800274490,0.009868907,1.789112306,1.813212342,16.8917
12,64,all,aho_corasick,5,0.172482,2.149027298,2.150764899,2.173930149,0.048830250,2.132514690,2.255737802,0.0000
12,64,all,bndmq,5,0.025843,18.101502868,18.101837465,18.140667900,0.138845588,17.992123261,18.313897754,741.6465
12,64,all,hash,5,0.002009,2.605374087,2.605401542,2.700871769,0.156851500,2.559931201,2.896385871,21.1384
12,64,first,aho_corasick,5,0.191610,1.575034740,1.577161690,1.573284739,0.011787355,1.560007137,1.588126157,0.0000
12,64,first,bndmq,5,0.025014,13.466096501,13.466421179,13.497435951,0.208568547,13.258695450,13.728576146,753.8390
12,64,first,hash,5,0.001986,1.798855349,1.798892946,1.807318056,0.029220214,1.780804309,1.854739860,14.0589
12,128,all,aho_corasick,5,0.327856,2.257228226,2.260641434,2.250729565,0.033831278,2.214716706,2.287319715,0.0000
12,128,all,hash,5,0.003366,2.668400583,2.668469213,2.680821237,0.030332351,2.662857034,2.734849220,18.0404
12,128,first,aho_corasick,5,0.334089,1.708148024,1.711447272,1.714523984,0.013135475,1.700845663,1.731288927,0.0000
12,128,first,hash,5,0.003782,1.857931554,1.858015859,1.864834987,0.026236740,1.837657930,1.902953969,8.5640
12,256,all,aho_corasick,5,0.651615,2.467289945,2.474161942,2.487815560,0.062451005,2.422240126,2.590078570,0.0000
12,256,all,hash,5,0.007484,2.529569121,2.529665601,2.526892090,0.017493151,2.498052674,2.544799090,2.2433
12,256,first,aho_corasick,5,0.640676,1.873018854,1.879653021,1.885204172,0.030309803,1.854410101,1.920674439,2.5273
12,256,first,hash,5,0.006533,1.833150904,1.833319313,1.823784386,0.027520348,1.780253819,1.848814472,0.0000
12,1000,all,aho_corasick,5,2.469457,3.669981170,3.694748221,3.711299640,0.044465207,3.661018268,3.762034426,46.0395
12,1000,all,hash,5,0.017142,2.529770980,2.529964640,2.524960536,0.033348306,2.478843552,2.569895380,0.0000
12,1000,first,aho_corasick,5,2.324359,2.917489495,2.940777688,2.918010162,0.068445861,2.842602805,2.987717145,65.9326
12,1000,first,hash,5,0.017132,1.771842116,1.772272225,1.803767328,0.055376591,1.759585221,1.891128488,0.0000
12,10000,all,aho_corasick,5,25.390848,8.962447555,9.210839938,9.269256153,0.270518784,8.969804550,9.585824128,201.5854
12,10000,all,hash,5,0.150540,3.052492705,3.054140272,3.075575943,0.050173218,3.021466317,3.147388585,0.0000
12,10000,first,aho_corasick,5,24.678038,6.578259203,6.826133328,6.879991196,0.120307266,6.779329101,7.066720387,200.5361
12,10000,first,hash,5,0.163004,2.267407555,2.271319147,2.256385975,0.085106044,2.147158776,2.356542127,0.0000
12,100000,all,hash,5,2.521821,6.155641829,6.182021656,6.217215294,0.104703191,6.101571147,6.370147310,0.0000
12,100000,first,hash,5,2.739671,3.378619933,3.407270515,3.405039644,0.130435745,3.270402649,3.596176038,0.0000
12,1000000,all,hash,5,45.749756,16.361547637,16.903191044,17.036668389,0.461914573,16.640040900,17.835832948,0.0000
12,1000000,first,hash,5,56.325291,2.998543893,3.710549949,3.586489373,0.335761660,3.160824408,3.940571699,0.0000
16,1,all,aho_corasick,5,0.011772,0.621138104,0.621264599,0.622254331,0.012638681,0.605005165,0.640183733,90.8471
16,1,all,bndmq,5,0.000341,0.325523343,0.325530065,0.335208754,0.024089218,0.319132555,0.377377010,0.0000
16,1,all,hash,5,0.000209,2.025687632,2.025690049,2.048652755,0.057679667,2.013485377,2.151137756,522.2743
16,1,first,aho_corasick,5,0.015498,0.361669636,0.361804971,0.371325495,0.021048895,0.348313033,0.395105698,32.7977
16,1,first,bndmq,5,0.000345,0.272441068,0.272448177,0.273768250,0.004871747,0.267597876,0.279705190,0.0000
16,1,first,hash,5,0.000159,1.400334487,1.400337943,1.413276569,0.039459337,1.375016357,1.476712510,413.9832
16,2,all,aho_corasick,5,0.015645,5.831360586,5.831518157,5.858204877,0.080648074,5.767521308,5.959368907,889.7221
16,2,all,bndmq,5,0.000827,0.589195263,0.589207625,0.580353970,0.018262714,0.557833869,0.599450463,0.0000
16,2,all,hash,5,0.000253,2.049147179,2.049150397,2.047818354,0.013107479,2.029317382,2.064534242,247.7807
16,2,first,aho_corasick,5,0.015959,4.310117755,4.310287169,4.300885912,0.049983154,4.247240099,4.352216811,853.3019
16,2,first,bndmq,5,0.000829,0.452126338,0.452142932,0.454162842,0.007789571,0.449106312,0.467799990,0.0000
16,2,first,hash,5,0.000279,1.446739707,1.446743709,1.450773478,0.017808999,1.427945315,1.476785074,219.9749
16,4,all,aho_corasick,5,0.023827,2.099222240,2.099470515,2.087375913,0.045059143,2.011162399,2.125180487,99.0615
16,4,all,bndmq,5,0.001875,1.054661723,1.054684103,1.054866573,0.020752453,1.022864752,1.075998847,0.0000
16,4,all,hash,5,0.000358,2.203586661,2.203591081,2.215816888,0.025406208,2.187894687,2.244784545,108.9338
16,4,first,aho_corasick,5,0.024392,1.515151531,1.515393850,1.524571025,0.020850055,1.510182524,1.560638438,88.3346
16,4,first,bndmq,5,0.001893,0.804605780,0.804628651,0.809804523,0.008387186,0.802215632,0.819797455,0.0000
16,4,first,hash,5,0.000437,1.582044548,1.582050579,1.579228575,0.031306878,1.538191195,1.617061093,96.6187
16,8,all,aho_corasick,5,0.043805,2.127532549,2.127980661,2.135003630,0.049856992,2.062190689,2.186063750,4.7509
16,8,all,bndmq,5,0.003468,2.031423814,2.031467479,2.048970408,0.035522406,2.021573913,2.107784612,0.0000
16,8,all,hash,5,0.000501,2.508011834,2.508018339,2.523682531,0.056482627,2.484320006,2.622535901,23.4585
16,8,first,aho_corasick,5,0.039952,1.537741602,1.538148248,1.537745100,0.019942974,1.510194235,1.560236766,0.2931
16,8,first,bndmq,5,0.003476,1.533613124,1.533653107,1.534302628,0.045173079,1.484040151,1.593495642,0.0000
16,8,first,hash,5,0.000576,1.829024791,1.829031604,1.822992126,0.026288414,1.783895063,1.847292339,19.2598
16,16,all,aho_corasick,5,0.067149,2.140623470,2.141285189,2.103177517,0.069739774,2.013601015,2.171896125,0.0000
16,16,all,bndmq,5,0.005587,3.776052806,3.776125783,3.759846077,0.042478089,3.696821621,3.795193793,76.3486
16,16,all,hash,5,0.001053,2.455970719,2.455984538,2.472982353,0.037492159,2.434000347,2.527747219,14.6968
16,16,first,aho_corasick,5,0.073189,1.571367916,1.572112638,1.569296423,0.033369057,1.517466972,1.602458744,0.0000
16,16,first,bndmq,5,0.006356,2.882730243,2.882896160,2.883601164,0.020753289,2.851611009,2.903624538,83.3772
16,16,first,hash,5,0.000822,1.796000868,1.796010667,1.824548903,0.078004728,1.774990169,1.962183309,14.2419
16,32,all,aho_corasick,5,0.144253,2.131843515,2.133038549,2.133183038,0.021703422,2.107704860,2.161990500,0.0000
16,32,all,bndmq,5,0.007853,7.376803386,7.376988092,7.398806442,0.086426440,7.309204871,7.503810773,245.8441
16,32,all,hash,5,0.001515,2.463636851,2.463663301,2.478504279,0.031265781,2.450069681,2.519829136,15.5002
16,32,first,aho_corasick,5,0.156965,1.540030440,1.541236079,1.548793318,0.019533282,1.524179312,1.569417932,0.0000
16,32,first,bndmq,5,0.008402,5.418969028,5.419167147,5.437609231,0.031811160,5.407822649,5.474021212,251.6117
16,32,first,hash,5,0.001738,1.785354067,1.785376019,1.804860156,0.044189281,1.760157702,1.867167641,15.8405
16,64,all,aho_corasick,5,0.229466,2.198021666,2.200711559,2.195837562,0.020830946,2.162805740,2.217106533,0.0000
16,64,all,bndmq,5,0.024315,14.890370887,14.890912345,14.730157354,0.352287873,14.347952861,15.127774768,576.6408
16,64,all,hash,5,0.002755,2.464917541,2.464945290,2.464409101,0.021058950,2.437331794,2.494282561,12.0067
16,64,first,aho_corasick,5,0.240959,1.605799654,1.608222879,1.604463955,0.013639931,1.587276534,1.619070685,0.0000
16,64,first,bndmq,5,0.026079,10.809865341,10.810180979,10.933781215,0.337306320,10.693724320,11.522256992,572.1818
16,64,first,hash,5,0.001996,1.814593423,1.814621053,1.862027325,0.132899761,1.784522754,2.098392675,12.8339
16,128,all,aho_corasick,5,0.440046,2.283904932,2.288386083,2.294250024,0.028021560,2.265430514,2.341130523,0.0000
16,128,all,hash,5,0.003736,2.520995018,2.521044213,2.546534063,0.099348964,2.435811823,2.672268295,10.1669
16,128,first,aho_corasick,5,0.445376,1.743542803,1.748155999,1.750609252,0.024132385,1.718248074,1.786079923,0.0000
16,128,first,hash,5,0.003717,1.839257661,1.839344621,1.849242497,0.066549840,1.793350308,1.962151191,5.2163
16,256,all,aho_corasick,5,0.923753,2.544941660,2.553979892,2.544556783,0.048052987,2.486362217,2.612073366,1.3307
16,256,all,hash,5,0.006442,2.520305159,2.520439919,2.527451813,0.015476637,2.514546101,2.553167224,0.0000
16,256,first,aho_corasick,5,0.858352,1.956956706,1.965576579,1.964284987,0.018558940,1.940272819,1.988022004,11.1070
16,256,first,hash,5,0.008535,1.768929972,1.769084462,1.814136756,0.074745625,1.762571655,1.936974976,0.0000
16,1000,all,aho_corasick,5,3.585820,4.049129222,4.084398231,4.107777697,0.078174438,4.006569447,4.212710185,64.3884
16,1000,all,hash,5,0.019807,2.484373751,2.484603181,2.483571901,0.016565225,2.457094246,2.499313721,0.0000
16,1000,first,aho_corasick,5,3.944559,3.137881374,3.188482163,3.144184758,0.120949117,2.933938732,3.242093966,77.4715
16,1000,first,hash,5,0.019056,1.796194208,1.796615987,1.801649117,0.041612837,1.766958226,1.871947706,0.0000
16,10000,all,aho_corasick,5,39.858026,9.293439743,9.696341917,9.622971280,0.133450510,9.422018216,9.725069550,217.8133
16,10000,all,hash,5,0.236751,3.049080062,3.050954958,3.053334871,0.034707946,3.015592369,3.108271553,0.0000
16,10000,first,aho_corasick,5,38.595135,7.286285457,7.673079104,7.712776290,0.175027625,7.504832350,7.972394085,238.3015
16,10000,first,hash,5,0.188923,2.266121428,2.268118654,2.274447773,0.022194547,2.248706843,2.302777464,0.0000
16,100000,all,hash,5,2.140971,5.569540821,5.605336889,5.643743900,0.158369841,5.460552119,5.826282337,0.0000
16,100000,first,hash,5,2.611782,4.456619587,4.484013932,4.599444081,0.221024706,4.412997974,4.942083616,0.0000
16,1000000,all,hash,5,53.788269,7.734079772,8.335798278,8.369259685,0.131739323,8.258191664,8.583334793,0.0000
16,1000000,first,hash,5,48.190598,6.125958918,6.726762336,6.700189468,0.104150942,6.551318947,6.808105004,0.0000
20,1,all,aho_corasick,5,0.012142,0.605356114,0.605492091,0.608311391,0.006883734,0.603137529,0.619456688,101.1355
20,1,all,bndmq,5,0.000343,0.301025539,0.301036835,0.300643829,0.004229499,0.295337710,0.306736759,0.0000
20,1,all,hash,5,0.000154,1.960552349,1.960554497,1.968893532,0.023880100,1.939031235,2.001304609,551.2673
20,1,first,aho_corasick,5,0.012333,0.314798926,0.314925968,0.317904125,0.007251823,0.313994435,0.330857414,22.6502
20,1,first,bndmq,5,0.000371,0.256756405,0.256767657,0.269654330,0.026469345,0.254301049,0.316330468,0.0000
20,1,first,hash,5,0.000186,1.410853741,1.410856261,1.402155561,0.015448133,1.382145037,1.417417049,449.4681
20,2,all,aho_corasick,5,0.017364,5.894404526,5.894585898,5.918303660,0.092196862,5.829762390,6.073824005,1120.8881
20,2,all,bndmq,5,0.000925,0.482798182,0.482811323,0.485582222,0.010997573,0.475361077,0.500364228,0.0000
20,2,all,hash,5,0.000198,1.989488006,1.989490591,1.997689346,0.043517250,1.957438815,2.063057164,312.0638
20,2,first,aho_corasick,5,0.017780,4.290733496,4.290908516,4.306608832,0.031424511,4.279591220,4.343028699,1007.3492
20,2,first,bndmq,5,0.000897,0.387481192,0.387493708,0.385946767,0.004673011,0.379451359,0.390443141,0.0000
20,2,first,hash,5,0.000292,1.433290949,1.433294467,1.439678232,0.024999245,1.417713086,1.482315748,269.8884
20,4,all,aho_corasick,5,0.026820,2.121346468,2.121613549,2.128266916,0.039416123,2.087930496,2.181476435,150.3615
20,4,all,bndmq,5,0.002056,0.847395423,0.847420033,0.847954845,0.006414541,0.840272105,0.858080218,0.0000
20,4,all,hash,5,0.000461,2.160567997,2.160573868,2.153278868,0.028069491,2.112638562,2.184089242,154.9590
20,4,first,aho_corasick,5,0.026636,1.546025709,1.546296708,1.547729087,0.015071613,1.526134023,1.565938776,133.2963
20,4,first,bndmq,5,0.001951,0.662779604,0.662803716,0.660645354,0.009051281,0.649660253,0.670164577,0.0000
20,4,first,hash,5,0.000447,1.529880085,1.529884413,1.564682324,0.076868399,1.523684469,1.701634497,130.8201
20,8,all,aho_corasick,5,0.046928,2.100077208,2.100527230,2.098137251,0.012298048,2.079420167,2.113301008,35.1422
20,8,all,bndmq,5,0.003385,1.554265853,1.554308973,1.564426403,0.022363039,1.545188372,1.601915788,0.0000
20,8,all,hash,5,0.000509,2.453410911,2.453417548,2.514279933,0.119536267,2.411789308,2.707003808,57.8462
20,8,first,aho_corasick,5,0.044712,1.552162211,1.552619189,1.573418650,0.048122031,1.542123536,1.656597212,32.0058
20,8,first,bndmq,5,0.003281,1.176129614,1.176174790,1.183870491,0.016106118,1.169568963,1.208172391,0.0000
20,8,first,hash,5,0.000574,1.745334379,1.745341796,1.774106359,0.057047536,1.732816545,1.872147626,48.3914
20,16,all,aho_corasick,5,0.089663,2.142160171,2.143098178,2.135631257,0.042262554,2.069483413,2.185312821,0.0000
20,16,all,bndmq,5,0.005937,2.948346033,2.948431226,2.945663263,0.012934323,2.931732544,2.961085426,37.5780
20,16,all,hash,5,0.001187,2.463554016,2.463565293,2.464151299,0.054154735,2.402262711,2.540645042,14.9535
20,16,first,aho_corasick,5,0.079728,1.542874508,1.543800920,1.544267482,0.004335643,1.539887398,1.551256235,0.0000
20,16,first,bndmq,5,0.005785,2.200554542,2.200627739,2.187199437,0.028477960,2.151259642,2.218185713,42.5461
20,16,first,hash,5,0.001078,1.825103287,1.825117031,1.836241378,0.098035464,1.758803358,2.002757221,18.2223
20,32,all,aho_corasick,5,0.154584,2.128086745,2.129539644,2.123084809,0.041914594,2.062259054,2.166048927,0.0000
20,32,all,bndmq,5,0.008426,5.689033948,5.689137439,5.719275344,0.060136634,5.667850000,5.797436614,167.1534
20,32,all,hash,5,0.001922,2.420400667,2.420418638,2.413574843,0.017949448,2.388286660,2.434737633,13.6592
20,32,first,aho_corasick,5,0.149309,1.551839305,1.553362573,1.555049501,0.014781192,1.537344874,1.575727884,0.0000
20,32,first,bndmq,5,0.008813,4.250055350,4.250173206,4.262507864,0.058821418,4.193554433,4.335881370,173.6112
20,32,first,hash,5,0.001882,1.770370837,1.770390912,1.765026646,0.019364006,1.742674699,1.788115370,13.9715
20,64,all,aho_corasick,5,0.307223,2.192483740,2.195548531,2.188638837,0.029618388,2.137792813,2.213344401,0.0000
20,64,all,bndmq,5,0.024316,11.405819623,11.406288642,11.409341046,0.150270219,11.177643119,11.585871348,419.5189
20,64,all,hash,5,0.003534,2.543677061,2.543707895,2.534879083,0.065181700,2.458857732,2.610502186,15.8575
20,64,first,aho_corasick,5,0.296291,1.613470332,1.616728536,1.617520181,0.011008404,1.607514120,1.635825651,0.0000
20,64,first,bndmq,5,0.027479,8.296518688,8.296998054,8.391238514,0.262073973,8.238577356,8.855988210,413.1967
20,64,first,hash,5,0.003617,1.770290448,1.770320102,1.763337579,0.016035032,1.739352945,1.778419180,9.5001
20,128,all,aho_corasick,5,0.618815,2.239345051,2.245484394,2.253853097,0.025454797,2.230321519,2.283480153,0.0000
20,128,all,hash,5,0.004043,2.569152872,2.569236582,2.598021154,0.079474462,2.543492003,2.738758212,14.4179
20,128,first,aho_corasick,5,0.618584,1.733250803,1.739006177,1.735952268,0.034892312,1.689535366,1.781625462,0.0000
20,128,first,bndmq,5,0.048044,16.791485147,16.792087366,16.818450924,0.091506804,16.721395102,16.964088662,865.6140
20,128,first,hash,5,0.004087,1.850879208,1.850934258,1.896774842,0.115045545,1.825468299,2.101432582,6.4363
20,256,all,aho_corasick,5,1.153532,2.553246784,2.564945780,2.560294205,0.020073945,2.526536567,2.577650905,1.6331
20,256,all,hash,5,0.007524,2.523635303,2.523730883,2.509539433,0.051621756,2.429018492,2.560312969,0.0000
20,256,first,aho_corasick,5,1.149474,2.044001642,2.055638029,2.026945886,0.048143408,1.950131000,2.062062656,14.6265
20,256,first,hash,5,0.007874,1.793154654,1.793335493,1.802132976,0.019125103,1.783993372,1.828907932,0.0000
20,1000,all,aho_corasick,5,4.794696,4.243141324,4.289074052,4.318770630,0.179806955,4.124290511,4.614178762,70.5631
20,1000,all,hash,5,0.030226,2.514388511,2.514655701,2.536132722,0.056584509,2.471282427,2.610967858,0.0000
20,1000,first,aho_corasick,5,5.356807,3.356216228,3.400972138,3.445916296,0.093307312,3.355014890,3.548430183,80.2726
20,1000,first,hash,5,0.022401,1.886324607,1.886572167,1.882151526,0.057545431,1.822838974,1.955726599,0.0000
20,10000,all,aho_corasick,5,55.648103,9.595377839,10.190383179,10.271203518,0.271274509,10.019610301,10.716035728,246.5588
20,10000,all,hash,5,0.204421,2.938278803,2.940448239,2.948844140,0.032800310,2.916421217,3.004048262,0.0000
20,10000,first,aho_corasick,5,57.681731,7.620546749,8.198580473,8.458976706,0.634515373,7.941478447,9.547471025,278.2352
20,10000,first,hash,5,0.283289,2.164015892,2.167587945,2.212113818,0.111941679,2.145987148,2.411131678,0.0000
20,100000,all,hash,5,2.541907,5.853897722,5.894813900,5.902678529,0.116256128,5.774341991,6.068600103,0.0000
20,100000,first,hash,5,2.496096,4.298023014,4.337465015,4.390943260,0.158322401,4.246220128,4.622462225,0.0000
20,1000000,all,hash,5,53.456352,7.246186958,7.785238290,7.856407997,0.245973535,7.592984294,8.258292873,0.0000
20,1000000,first,hash,5,62.916493,7.832956764,8.670483909,8.309050160,0.941855553,6.654466281,8.977141836,0.0000
24,1,all,aho_corasick,5,0.012879,0.595982324,0.596129876,0.595943152,0.002110772,0.593387775,0.598345082,126.2027
24,1,all,bndmq,5,0.000466,0.263526479,0.263537938,0.296642782,0.061660006,0.259084112,0.403907658,0.0000
24,1,all,hash,5,0.000204,1.921877770,1.921880189,1.921521354,0.012009230,1.904686741,1.935727225,629.2613
24,1,first,aho_corasick,5,0.013535,0.301155072,0.301294709,0.304622823,0.005643616,0.299606189,0.311851818,25.2895
24,1,first,bndmq,5,0.000334,0.240472110,0.240478732,0.247213066,0.015818721,0.234934387,0.274372510,0.0000
24,1,first,hash,5,0.000172,1.365271345,1.365273942,1.366590776,0.019302182,1.340189091,1.388667766,467.7317
24,2,all,aho_corasick,5,0.018902,5.667516698,5.667706556,5.677263290,0.037647102,5.642575614,5.741269584,1276.2551
24,2,all,bndmq,5,0.000860,0.411808369,0.411820923,0.412100925,0.007922565,0.403881391,0.420512799,0.0000
24,2,all,hash,5,0.000306,1.952533016,1.952536409,1.952056708,0.023882425,1.925655955,1.981918548,374.1227
24,2,first,aho_corasick,5,0.019565,4.251155432,4.251447729,4.251444842,0.035174842,4.205607912,4.297291900,1099.4338
24,2,first,bndmq,5,0.000868,0.354441681,0.354454562,0.359450619,0.013445059,0.345882174,0.380366205,0.0000
24,2,first,hash,5,0.000269,1.399637276,1.399640624,1.405594684,0.012511783,1.395718605,1.424942193,294.8717
24,4,all,aho_corasick,5,0.030719,2.130179067,2.130475728,2.129004426,0.024944608,2.094584192,2.164475200,177.5229
24,4,all,bndmq,5,0.001961,0.767646721,0.767675581,0.786417083,0.059562984,0.731004906,0.884090106,0.0000
24,4,all,hash,5,0.000385,2.155333857,2.155337958,2.151692153,0.027310628,2.111318678,2.180981063,180.7616
24,4,first,aho_corasick,5,0.028979,1.587340240,1.587660325,1.619261186,0.071535299,1.581633045,1.746940244,177.7150
24,4,first,bndmq,5,0.001974,0.571662877,0.571686888,0.577074601,0.015126962,0.563624286,0.602628590,0.0000
24,4,first,hash,5,0.000370,1.566098379,1.566104172,1.560291283,0.029852932,1.526051707,1.594461212,173.9444
24,8,all,aho_corasick,5,0.055772,2.044285053,2.044813312,2.062890916,0.040746319,2.017463476,2.113861934,59.9966
24,8,all,bndmq,5,0.003394,1.277993844,1.278035530,1.285186925,0.018981935,1.263305745,1.311665715,0.0000
24,8,all,hash,5,0.000721,2.384937702,2.384946825,2.386068171,0.012326157,2.371941943,2.400739932,86.6104
24,8,first,aho_corasick,5,0.050998,1.542832479,1.543350060,1.548488156,0.010560825,1.538520578,1.564934040,52.6037
24,8,first,bndmq,5,0.003550,1.011300108,1.011344919,1.003097606,0.016581563,0.978227984,1.016533057,0.0000
24,8,first,hash,5,0.000691,1.733008204,1.733016998,1.727702857,0.017213624,1.706584874,1.747025585,71.3577
24,16,all,aho_corasick,5,0.094222,2.132853919,2.133818118,2.123193260,0.030287449,2.079442790,2.158258459,0.0000
24,16,all,bndmq,5,0.005574,2.389943182,2.390014682,2.395469329,0.022654988,2.372639388,2.428534537,12.0065
24,16,all,hash,5,0.001032,2.421311838,2.421323359,2.457611574,0.077498390,2.386237094,2.542472053,13.4737
24,16,first,aho_corasick,5,0.105069,1.547187020,1.548132810,1.550720067,0.011744240,1.536520161,1.562784382,0.0000
24,16,first,bndmq,5,0.005505,1.828946014,1.829016437,1.825362314,0.024612682,1.789456051,1.852446713,18.1434
24,16,first,hash,5,0.001236,1.732725083,1.732739992,1.798448083,0.128853314,1.708641816,2.021370275,11.9245
24,32,all,aho_corasick,5,0.197487,2.115938712,2.119012435,2.121625415,0.034546807,2.077582853,2.162784178,0.0000
24,32,all,bndmq,5,0.008258,4.765977382,4.766092971,4.762428620,0.156863084,4.569403257,5.001438745,124.9205
24,32,all,hash,5,0.001826,2.386335899,2.386361485,2.394061831,0.022576157,2.371108085,2.425715438,12.6167
24,32,first,aho_corasick,5,0.201810,1.632010534,1.633719208,1.636240670,0.020067240,1.612126758,1.660578263,0.0000
24,32,first,bndmq,5,0.009360,3.430006920,3.430205740,3.435469256,0.046193420,3.394792400,3.512571882,109.9630
24,32,first,hash,5,0.001684,1.765501276,1.765528628,1.772572295,0.017214463,1.757447042,1.799520844,8.0681
24,64,all,aho_corasick,5,0.413224,2.235980402,2.240761961,2.239470958,0.034249188,2.197592097,2.273153822,0.0000
24,64,all,bndmq,5,0.025215,9.237130193,9.237504265,9.288137248,0.136783784,9.158548137,9.513476772,312.2484
24,64,all,hash,5,0.002422,2.502970676,2.503013406,2.502351821,0.013914637,2.487017326,2.519957463,11.7037
24,64,first,aho_corasick,5,0.364169,1.669182927,1.672909097,1.669454024,0.008463922,1.656814315,1.676466678,0.0000
24,64,first,bndmq,5,0.030171,6.715309328,6.715676610,6.750085850,0.107679296,6.632700003,6.918627881,301.4370
24,64,first,hash,5,0.002507,1.826137961,1.826170843,1.824239821,0.015945512,1.798578871,1.841935552,9.1614
24,128,all,aho_corasick,5,0.689457,2.328418823,2.335467459,2.345757315,0.016562145,2.334362241,2.372191501,0.0000
24,128,all,hash,5,0.004488,2.415693789,2.415808803,2.426752844,0.060649327,2.369045087,2.526715502,3.4401
24,128,first,aho_corasick,5,0.702825,1.795292859,1.802470135,1.823056193,0.051998139,1.783807182,1.913914487,3.9126
24,128,first,bndmq,5,0.058649,13.485528889,13.486178143,13.515100210,0.197934884,13.292536970,13.829424391,677.4793
24,128,first,hash,5,0.004579,1.734541711,1.734602826,1.746892904,0.029062659,1.722882934,1.794199972,0.0000
24,256,all,aho_corasick,5,1.376869,2.740401309,2.756533997,2.742246818,0.023143461,2.704586041,2.757669675,11.7506
24,256,all,hash,5,0.008877,2.466508057,2.466684887,2.474897604,0.023880879,2.450105580,2.511088468,0.0000
24,256,first,aho_corasick,5,1.415710,2.049040872,2.062136976,2.079219846,0.033115711,2.057018696,2.135959018,13.2591
24,256,first,hash,5,0.008436,1.820620839,1.820724439,1.807522407,0.025447753,1.773401783,1.832824684,0.0000
24,1000,all,aho_corasick,5,6.253725,4.121173018,4.184762840,4.201399067,0.061597076,4.154684031,4.307272775,61.6868
24,1000,all,hash,5,0.024376,2.587913934,2.588190054,2.589483329,0.023161015,2.559562641,2.618986092,0.0000
24,1000,first,aho_corasick,5,6.196278,3.358831562,3.420431969,3.430305761,0.033519959,3.407356455,3.489055292,79.0062
24,1000,first,hash,5,0.031219,1.910446779,1.910790018,1.896598447,0.045123344,1.846826866,1.944002422,0.0000
24,10000,all,aho_corasick,5,71.021916,9.834003782,10.545069590,10.627897868,0.309884446,10.266891516,11.097781754,261.0500
24,10000,all,hash,5,0.242563,2.918095974,2.920667569,2.954357905,0.071327282,2.883500553,3.042831734,0.0000
24,10000,first,aho_corasick,5,73.403539,7.880085300,8.581823616,8.959962590,0.816069001,8.427479505,10.394091972,300.6686
24,10000,first,hash,5,0.242502,2.139353101,2.141875796,2.145333295,0.021092113,2.121544107,2.176556127,0.0000
24,100000,all,hash,5,2.834699,5.675711199,5.704530291,5.691638013,0.127637302,5.503049594,5.809286551,0.0000
24,100000,first,hash,5,3.181887,4.428882012,4.456814866,4.540452683,0.265592691,4.211868336,4.912352805,0.0000
24,1000000,all,hash,5,59.011291,6.863670343,7.488047214,7.609193640,0.284484079,7.352181846,7.989215422,0.0000
24,1000000,first,hash,5,52.694325,5.988871432,6.592695595,6.612243054,0.171626966,6.430881298,6.892420005,0.0000
31,1,all,aho_corasick,5,0.014405,0.629744503,0.629893527,0.634272506,0.009147499,0.627017725,0.647849293,150.2681
31,1,all,bndmq,5,0.000434,0.251679785,0.251687478,0.253188152,0.004476137,0.248424237,0.259781184,0.0000
31,1,all,hash,5,0.000291,1.907145575,1.907148419,1.912099761,0.029818237,1.882304862,1.954323361,657.7447
31,1,first,aho_corasick,5,0.014618,0.296316132,0.296483170,0.296909512,0.004008001,0.291938652,0.303151615,17.1969
31,1,first,bndmq,5,0.000496,0.252971190,0.252978682,0.255444314,0.010409648,0.243147585,0.269121760,0.0000
31,1,first,hash,5,0.000269,1.364722945,1.364725633,1.379055523,0.029530673,1.350879166,1.423858331,439.4627
31,2,all,aho_corasick,5,0.022343,5.695310350,5.695539696,5.700818865,0.075184522,5.595504876,5.805036183,1261.1825
31,2,all,bndmq,5,0.000930,0.418404334,0.418425866,0.416715648,0.009440978,0.405946692,0.430571829,0.0000
31,2,all,hash,5,0.000328,1.942613315,1.942616784,1.989234466,0.109654460,1.899574703,2.174516552,364.2679
31,2,first,aho_corasick,5,0.021989,4.227599107,4.227820382,4.233459242,0.022732729,4.208464985,4.264868953,1150.5654
31,2,first,bndmq,5,0.000912,0.338061808,0.338072713,0.350802295,0.022818464,0.332948038,0.388280947,0.0000
31,2,first,hash,5,0.000311,1.387495541,1.387499321,1.388083427,0.015983339,1.367005801,1.409173224,310.4145
31,4,all,aho_corasick,5,0.033951,2.104515692,2.104870714,2.108071168,0.014533093,2.090852153,2.128782083,228.7296
31,4,all,bndmq,5,0.002008,0.640257637,0.640304494,0.649048494,0.021736447,0.627460960,0.678311259,0.0000
31,4,all,hash,5,0.000432,2.060716338,2.060721472,2.064141423,0.033673035,2.033122393,2.116424867,221.8346
31,4,first,aho_corasick,5,0.035658,1.581327500,1.581697343,1.583161560,0.022913143,1.555708055,1.609149888,210.4631
31,4,first,bndmq,5,0.002030,0.509439222,0.509463924,0.509476915,0.018722684,0.486018119,0.536341919,0.0000
31,4,first,hash,5,0.000435,1.510067061,1.510072037,1.507339947,0.010822680,1.489058183,1.517548151,196.4041
31,8,all,aho_corasick,5,0.069844,2.099714779,2.100338908,2.101529116,0.036806383,2.043780885,2.142928207,97.4311
31,8,all,bndmq,5,0.003536,1.063789619,1.063834038,1.071629837,0.023803486,1.052842789,1.112999321,0.0000
31,8,all,hash,5,0.000552,2.339602003,2.339611455,2.340405662,0.020135796,2.320708477,2.369787076,119.9226
31,8,first,aho_corasick,5,0.061958,1.570667229,1.571286026,1.573587317,0.017593077,1.557489187,1.603216208,82.8686
31,8,first,bndmq,5,0.003508,0.859199466,0.859243258,0.851279951,0.022619121,0.812319470,0.867900270,0.0000
31,8,first,hash,5,0.000639,1.724895763,1.724905572,1.745990762,0.059839218,1.677913404,1.826264881,100.7471
31,16,all,aho_corasick,5,0.121812,2.163926384,2.165106962,2.169237294,0.017711020,2.153368048,2.196414346,9.4949
31,16,all,bndmq,5,0.007006,1.977276777,1.977359629,1.998368935,0.036100102,1.972449418,2.056425426,0.0000
31,16,all,hash,5,0.001243,2.346866240,2.346881456,2.373750838,0.075848194,2.322650398,2.505163019,18.6876
31,16,first,aho_corasick,5,0.115323,1.605417997,1.606588625,1.605581396,0.016707110,1.579775500,1.626403091,9.2968
31,16,first,bndmq,5,0.005599,1.469858605,1.469931513,1.475965506,0.033902541,1.434066765,1.515375756,0.0000
31,16,first,hash,5,0.001244,1.701164923,1.701182067,1.745562190,0.105064034,1.693188904,1.933264624,15.7321
31,32,all,aho_corasick,5,0.231745,2.163506692,2.165761204,2.139250732,0.039831264,2.084808790,2.170055676,0.0000
31,32,all,bndmq,5,0.008455,3.827037574,3.827154554,3.817032757,0.020645442,3.787099647,3.836961259,76.7118
31,32,all,hash,5,0.002508,2.375724244,2.375746073,2.367356193,0.017960677,2.341242990,2.384632335,9.6957
31,32,first,aho_corasick,5,0.220669,1.674816121,1.677046265,1.670346634,0.025461472,1.645035508,1.705625174,0.0000
31,32,first,bndmq,5,0.008356,2.830753204,2.830894605,2.808506944,0.044307718,2.738722146,2.845082761,68.8024
31,32,first,hash,5,0.001870,1.729769952,1.729792432,1.737492560,0.020676622,1.724849610,1.773885920,3.1452
31,64,all,aho_corasick,5,0.482401,2.187648889,2.192123551,2.201985273,0.042922935,2.165058975,2.275862036,0.0000
31,64,all,bndmq,5,0.033633,7.616291980,7.616751561,7.691309969,0.189751149,7.521208598,7.933035953,247.4600
31,64,all,hash,5,0.002713,2.359003458,2.359038850,2.366589271,0.020411336,2.345090864,2.398448835,7.6143
31,64,first,aho_corasick,5,0.447292,1.654127507,1.658998303,1.660095653,0.011613255,1.644245744,1.675650075,0.0000
31,64,first,bndmq,5,0.026805,5.343647501,5.343982198,5.428844167,0.181892379,5.310241733,5.748442505,222.1210
31,64,first,hash,5,0.002845,1.708589811,1.708626103,1.716009441,0.021887061,1.695429287,1.747856877,2.9914
31,128,all,aho_corasick,5,0.938756,2.371467567,2.381800821,2.386410520,0.057771871,2.318694563,2.477365660,0.0000
31,128,all,bndmq,5,0.061154,14.787378415,14.788097354,14.808131084,0.126833506,14.617849629,14.939901000,520.8788
31,128,all,hash,5,0.005340,2.430238520,2.430337004,2.427239110,0.038653281,2.388092724,2.485458094,2.0378
31,128,first,aho_corasick,5,0.989646,1.841034668,1.850711154,1.877410227,0.051381417,1.837557165,1.954664296,4.4517
31,128,first,bndmq,5,0.055314,10.750692979,10.751364022,10.767346267,0.098113358,10.657744245,10.923179369,506.7929
31,128,first,hash,5,0.005405,1.771746917,1.771834226,1.769677179,0.020819339,1.747220166,1.794060532,0.0000
31,256,all,aho_corasick,5,1.926845,2.913411703,2.933012134,2.937729759,0.021397558,2.912530905,2.961299857,19.3102
31,256,all,hash,5,0.009177,2.458196224,2.458307433,2.438925296,0.033952382,2.399067972,2.466622067,0.0000
31,256,first,aho_corasick,5,2.142744,2.189450311,2.206491567,2.218405335,0.036343586,2.178101894,2.272785674,22.4642
31,256,first,hash,5,0.014847,1.801627337,1.801743647,1.784197048,0.040484022,1.714577601,1.810798518,0.0000
31,1000,all,aho_corasick,5,8.854627,4.402103536,4.488577653,4.505655825,0.065143712,4.445357799,4.616806896,86.1663
31,1000,all,hash,5,0.030306,2.410443849,2.411058498,2.409333605,0.027645167,2.371327597,2.447518795,0.0000
31,1000,first,aho_corasick,5,8.730337,3.362148066,3.460041120,3.464420731,0.052687985,3.404867420,3.541544207,98.9713
31,1000,first,hash,5,0.030076,1.738634733,1.738964552,1.779838102,0.101840858,1.721954646,1.961088708,0.0000
31,10000,all,aho_corasick,5,94.785372,9.522749905,10.476803256,10.524040508,0.118084553,10.399867250,10.698824942,281.2508
31,10000,all,hash,5,0.304008,2.744914150,2.748008014,2.754849412,0.028782367,2.731329577,2.804376901,0.0000
31,10000,first,aho_corasick,5,100.304767,8.324791470,9.245388079,9.133598625,0.321867271,8.599036652,9.385567019,346.1219
31,10000,first,hash,5,0.295411,2.069308851,2.072390685,2.073490253,0.018861083,2.048349503,2.101252157,0.0000
31,100000,all,hash,5,3.463181,5.210313459,5.245813818,5.288301983,0.096844376,5.211327627,5.450712449,0.0000
31,100000,first,hash,5,3.498668,4.026522487,4.062760134,4.144916562,0.209032011,3.989953270,4.493351973,0.0000
31,1000000,all,hash,5,60.318062,6.683431733,7.336934746,7.357053666,0.131771746,7.188938072,7.553693683,0.0000
31,1000000,first,hash,5,58.121417,5.625840498,6.249935110,6.248585789,0.057512997,6.175226500,6.324591981,0.0000
40,1,all,aho_corasick,5,0.016319,0.966484180,0.966661889,0.971903041,0.022786359,0.947534019,1.003892157,272.2180
40,1,all,bndmq,5,0.000431,0.259695919,0.259703169,0.256845770,0.014355210,0.241770343,0.274793610,0.0000
40,1,all,hash,5,0.000250,1.853481614,1.853485717,1.845419168,0.025030743,1.808543532,1.873405891,613.6939
40,1,first,aho_corasick,5,0.016810,0.555677903,0.555850595,0.561079341,0.017170575,0.539954079,0.585831916,109.6188
40,1,first,bndmq,5,0.000438,0.265164019,0.265172132,0.267394732,0.015564680,0.248745522,0.289555944,0.0000
40,1,first,hash,5,0.000266,1.375002570,1.375005639,1.375124472,0.050132550,1.327103971,1.447848898,418.5332
40,2,all,aho_corasick,5,0.026678,5.565980854,5.566233691,5.553864058,0.028498947,5.503108406,5.569126751,1487.1062
40,2,all,bndmq,5,0.001169,0.350695751,0.350715884,0.386575657,0.079345467,0.340256641,0.527148331,0.0000
40,2,all,hash,5,0.000358,1.843480415,1.843484592,1.863528077,0.035871510,1.827119799,1.906310961,425.6348
40,2,first,aho_corasick,5,0.025534,4.229540899,4.229802901,4.233087577,0.038211851,4.185469360,4.291465406,1219.8170
40,2,first,bndmq,5,0.000954,0.320470380,0.320484035,0.323493765,0.006233773,0.319271880,0.334401721,0.0000
40,2,first,hash,5,0.000347,1.398930627,1.398934557,1.395145220,0.014747231,1.372210180,1.411696970,336.5068
40,4,all,aho_corasick,5,0.041881,2.066411409,2.066941676,2.065913160,0.051902568,2.003712946,2.124880047,280.5227
40,4,all,bndmq,5,0.002024,0.543159546,0.543184921,0.541604647,0.010677391,0.528422007,0.556358459,0.0000
40,4,all,hash,5,0.000529,2.009723615,2.009728646,2.014459587,0.034495833,1.969454208,2.064038206,269.9898
40,4,first,aho_corasick,5,0.042654,1.600595714,1.601064348,1.604654190,0.007068089,1.597418291,1.613026228,236.2129
40,4,first,bndmq,5,0.002248,0.476174850,0.476205520,0.477490365,0.009508098,0.464398583,0.489060286,0.0000
40,4,first,hash,5,0.000572,1.495193565,1.495200510,1.508025887,0.034472757,1.482503243,1.565099240,213.9822
40,8,all,aho_corasick,5,0.089179,2.110412827,2.111266770,2.116472638,0.070164962,2.015041580,2.209495864,126.1135
40,8,all,bndmq,5,0.004157,0.933666773,0.933719758,0.985029963,0.115772810,0.922874206,1.191097197,0.0000
40,8,all,hash,5,0.000911,2.218230487,2.218241729,2.219464978,0.014268672,2.201214774,2.240415474,137.5704
40,8,first,aho_corasick,5,0.079802,1.597824430,1.598849237,1.594529233,0.009870079,1.578428740,1.602247992,113.5328
40,8,first,bndmq,5,0.003725,0.748713871,0.748760522,0.742956005,0.010257498,0.730445446,0.751688884,0.0000
40,8,first,hash,5,0.000932,1.670120176,1.670131525,1.676016209,0.013451562,1.660640932,1.691691996,123.0528
40,16,all,aho_corasick,5,0.154461,2.111560970,2.113135714,2.109391495,0.041983600,2.050477799,2.165890706,21.0458
40,16,all,bndmq,5,0.006565,1.745647549,1.745732937,1.754885644,0.058334484,1.692631367,1.828372903,0.0000
40,16,all,hash,5,0.001177,2.248437790,2.248456668,2.242140999,0.024553994,2.204114486,2.264691899,28.7973
40,16,first,aho_corasick,5,0.150759,1.630011690,1.631533449,1.631533706,0.010333012,1.618923635,1.643543517,28.3096
40,16,first,bndmq,5,0.006709,1.271474633,1.271559964,1.318517805,0.099999484,1.254942702,1.491406430,0.0000
40,16,first,hash,5,0.001212,1.681392335,1.681413137,1.694416893,0.040055070,1.654108770,1.756491255,32.2323
40,32,all,aho_corasick,5,0.303250,2.142923617,2.145996701,2.152270757,0.046240983,2.099840164,2.224974128,0.0000
40,32,all,bndmq,5,0.008860,3.073375443,3.073590643,3.101922726,0.053345037,3.054522975,3.161630654,43.2244
40,32,all,hash,5,0.001960,2.366807106,2.366832090,2.418487858,0.104359632,2.312201534,2.564832018,10.2906
40,32,first,aho_corasick,5,0.310010,1.640219718,1.643360389,1.644195948,0.010207946,1.631146562,1.659297838,0.0000
40,32,first,bndmq,5,0.008900,2.378818319,2.378939106,2.387783205,0.040414050,2.338007006,2.432409311,44.7606
40,32,first,hash,5,0.002791,1.674976830,1.675009915,1.676897479,0.019263558,1.650580075,1.701130636,1.9259
40,64,all,aho_corasick,5,0.679079,2.216246140,2.223510014,2.215040294,0.034195317,2.174677825,2.256593680,0.0000
40,64,all,bndmq,5,0.029280,6.137808268,6.138275686,6.308423840,0.573039633,5.911916557,7.309758734,176.0624
40,64,all,hash,5,0.004070,2.388223684,2.388267089,2.372134908,0.059482454,2.290847558,2.425284695,7.4098
40,64,first,aho_corasick,5,0.606926,1.777228372,1.783389993,1.793650413,0.036324684,1.753412960,1.837752098,3.0235
40,64,first,bndmq,5,0.033758,4.460148589,4.460586678,4.491833294,0.101603902,4.420784871,4.668525409,157.6807
40,64,first,hash,5,0.003860,1.731011662,1.731051987,1.721531267,0.022507911,1.689690425,1.746539543,0.0000
40,128,all,aho_corasick,5,1.242477,2.436738507,2.449042482,2.457304751,0.059455087,2.383106964,2.547803379,0.0000
40,128,all,bndmq,5,0.068297,11.999370911,12.000689469,12.053725168,0.290259975,11.749509426,12.523775537,390.0156
40,128,all,hash,5,0.006598,2.454149492,2.454269366,2.465578162,0.049519376,2.421815761,2.543323403,0.2134
40,128,first,aho_corasick,5,1.266487,1.934443671,1.947360340,1.942445335,0.021564228,1.907309685,1.959568026,10.8329
40,128,first,bndmq,5,0.060633,8.993328803,8.994175732,9.008659538,0.118556796,8.858624273,9.172211431,411.8985
40,128,first,hash,5,0.006162,1.756917886,1.757023381,1.764091137,0.013562280,1.755083940,1.787169806,0.0000
40,256,all,aho_corasick,5,2.544750,3.114290921,3.140124550,3.145112274,0.048847323,3.075197260,3.208837812,31.9016
40,256,all,hash,5,0.015359,2.380514149,2.380656309,2.382893052,0.020697267,2.358510423,2.405557259,0.0000
40,256,first,aho_corasick,5,2.748528,2.455645419,2.483855392,2.481105042,0.018089710,2.454964970,2.499539021,46.6870
40,256,first,bndmq,5,0.034514,18.125181220,18.126490657,18.057756361,0.364576815,17.627625325,18.492839664,970.4810
40,256,first,hash,5,0.017863,1.693096434,1.693303413,1.699403585,0.016496201,1.680220730,1.717181346,0.0000
40,1000,all,aho_corasick,5,12.066392,4.378655663,4.507475155,4.478944744,0.205461803,4.137600545,4.658507623,94.4507
40,1000,all,hash,5,0.051836,2.317501395,2.318055114,2.323569763,0.079848645,2.215005490,2.419967900,0.0000
40,1000,first,aho_corasick,5,11.927773,3.460586599,3.581522287,3.616370919,0.080027839,3.537803734,3.744613401,113.6173
40,1000,first,hash,5,0.040085,1.675671569,1.676606707,1.679430863,0.007888552,1.670839288,1.690703209,0.0000
40,10000,all,aho_corasick,5,129.813344,12.025481769,13.314242722,12.822782852,0.877746069,11.700413339,13.639303051,377.6071
40,10000,all,hash,5,0.496025,2.781784916,2.787697825,2.783728735,0.027526162,2.747025786,2.821438377,0.0000
40,10000,first,aho_corasick,5,134.111479,9.209333191,10.537840544,10.510323597,0.210657236,10.155075540,10.687217246,386.6753
40,10000,first,hash,5,0.443528,2.161022038,2.165271269,2.141862246,0.051326914,2.055470799,2.179532611,0.0000
40,100000,all,hash,5,5.912683,5.565626749,5.613617183,5.603185714,0.076246507,5.477262805,5.669639871,0.0000
40,100000,first,hash,5,4.636399,4.605553159,4.664489071,4.655794348,0.113822228,4.554658501,4.834366361,0.0000
40,1000000,all,hash,5,75.128292,6.674057832,7.430194900,7.784535581,0.519642772,7.387861204,8.501413107,0.0000
40,1000000,first,hash,5,69.534803,5.471449497,6.206109898,6.280074270,0.206332108,6.123629713,6.640459259,0.0000
48,1,all,aho_corasick,5,0.019894,0.989316328,0.989540395,0.999255908,0.021840281,0.975245995,1.024978878,276.7492
48,1,all,bndmq,5,0.000460,0.262642742,0.262652315,0.261052124,0.003845506,0.256077752,0.265280660,0.0000
48,1,all,hash,5,0.000247,1.787807791,1.787812028,1.792821132,0.014870154,1.775977999,1.815143350,580.6763
48,1,first,aho_corasick,5,0.018814,0.532838177,0.533036213,0.534200575,0.003952867,0.530560118,0.538698285,84.6686
48,1,first,bndmq,5,0.000493,0.288635475,0.288644739,0.292759791,0.009959218,0.285474882,0.310108676,0.0000
48,1,first,hash,5,0.000246,1.331318531,1.331322945,1.327103333,0.010129154,1.312120390,1.335373071,361.2324
48,2,all,aho_corasick,5,0.029908,5.472126678,5.472441819,5.528559403,0.129866921,5.454227253,5.759614043,1525.8017
48,2,all,bndmq,5,0.001218,0.336579348,0.336599586,0.335071831,0.003522427,0.329534834,0.338504545,0.0000
48,2,all,hash,5,0.000278,1.830219132,1.830222561,1.835744657,0.016987614,1.819533703,1.864485158,443.7388
48,2,first,aho_corasick,5,0.030001,4.240451042,4.240787055,4.265571142,0.069643719,4.207332880,4.371966116,1157.4500
48,2,first,bndmq,5,0.001234,0.337236304,0.337252941,0.336717329,0.006571261,0.328405107,0.345270963,0.0000
48,2,first,hash,5,0.000290,1.381099239,1.381102841,1.383820811,0.039825056,1.351413872,1.449503560,309.5154
48,4,all,aho_corasick,5,0.049236,2.109881375,2.110457972,2.095869144,0.039283684,2.039105153,2.134241021,343.2074
48,4,all,bndmq,5,0.002337,0.476124436,0.476178374,0.480981457,0.016095784,0.466817860,0.506235476,0.0000
48,4,all,hash,5,0.000563,1.950044884,1.950050234,1.943774916,0.019331167,1.924196506,1.969229345,309.5210
48,4,first,aho_corasick,5,0.050676,1.649490215,1.650006326,1.654528034,0.007956020,1.646884787,1.663913541,257.8232
48,4,first,bndmq,5,0.002114,0.461097829,0.461123352,0.458362831,0.011297924,0.446396646,0.471163560,0.0000
48,4,first,hash,5,0.000476,1.463757539,1.463762951,1.457117682,0.014921828,1.432621715,1.468056351,217.4341
48,8,all,aho_corasick,5,0.094008,2.074945672,2.075981772,2.079221064,0.036302294,2.037087391,2.135768496,158.4986
48,8,all,bndmq,5,0.004252,0.803009254,0.803091952,0.799508030,0.030111029,0.772087069,0.845124169,0.0000
48,8,all,hash,5,0.000792,2.194231235,2.194239778,2.202658717,0.024090581,2.175887580,2.240425794,173.2240
48,8,first,aho_corasick,5,0.099492,1.671836271,1.672769958,1.685601293,0.034808055,1.658134698,1.743928848,148.5038
48,8,first,bndmq,5,0.003757,0.673088521,0.673136487,0.672361204,0.012294525,0.657732287,0.690911324,0.0000
48,8,first,hash,5,0.000706,1.689179876,1.689188486,1.680579813,0.021317007,1.647475845,1.702798047,150.9429
48,16,all,aho_corasick,5,0.183192,2.107588747,2.109447555,2.105280113,0.045163955,2.055050657,2.156250403,58.7848
48,16,all,bndmq,5,0.005850,1.328330363,1.328494858,1.328525183,0.023141149,1.298917055,1.363422475,0.0000
48,16,all,hash,5,0.001620,2.207401353,2.207417214,2.222582825,0.052351556,2.165657367,2.300647765,66.1593
48,16,first,aho_corasick,5,0.185447,1.699912993,1.701662801,1.698057663,0.017641663,1.667985839,1.712934755,57.2234
48,16,first,bndmq,5,0.006986,1.082229589,1.082321544,1.087431089,0.015431800,1.068945937,1.110114121,0.0000
48,16,first,hash,5,0.001654,1.653418821,1.653437837,1.657590006,0.022202371,1.632393830,1.693402557,52.7677
48,32,all,aho_corasick,5,0.371288,2.166365199,2.169989844,2.182044886,0.030920683,2.144522493,2.221454193,0.0000
48,32,all,bndmq,5,0.012623,2.978074165,2.978209554,3.062460090,0.760206991,2.393584805,4.294088435,37.2453
48,32,all,hash,5,0.002250,2.188113095,2.188141422,2.189835679,0.046598117,2.140365143,2.255611524,0.8365
48,32,first,aho_corasick,5,0.346539,1.685631575,1.689149072,1.690277098,0.005948828,1.681481449,1.695978863,3.5902
48,32,first,bndmq,5,0.009688,1.929593403,1.929724472,1.923730327,0.035587429,1.884518069,1.965474949,18.3439
48,32,first,hash,5,0.003098,1.630571875,1.630607666,1.634721820,0.010298860,1.626993660,1.651842929,0.0000
48,64,all,aho_corasick,5,0.755802,2.210750674,2.217979726,2.216212759,0.044948652,2.147610372,2.260393739,0.0000
48,64,all,bndmq,5,0.035534,4.631466538,4.631849800,4.663329463,0.090390121,4.593402503,4.821557230,108.8319
48,64,all,hash,5,0.005155,2.218085575,2.218147115,2.213606406,0.043190416,2.173168402,2.277095021,0.0075
48,64,first,aho_corasick,5,0.711961,1.747228812,1.754441334,1.755877827,0.022806170,1.727740153,1.780201588,2.6310
48,64,first,bndmq,5,0.032764,3.548146865,3.548674771,3.539045172,0.024427556,3.497889524,3.559045088,107.5897
48,64,first,hash,5,0.005027,1.709405245,1.709465482,1.752809975,0.129966599,1.643155937,1.971946544,0.0000
48,128,all,aho_corasick,5,1.537840,2.579053692,2.595324124,2.582477025,0.027504127,2.535570489,2.600923998,13.2372
48,128,all,bndmq,5,0.064755,10.303896582,10.305141700,11.048201874,1.414553191,9.862401125,12.729282356,349.6260
48,128,all,hash,5,0.007374,2.291844316,2.291936191,2.283673702,0.053186939,2.216598332,2.357680965,0.0000
48,128,first,aho_corasick,5,1.525430,2.058916012,2.073677623,2.079740081,0.058092107,2.018177194,2.158424758,22.3792
48,128,first,bndmq,5,0.061144,7.057980804,7.058851277,7.114602732,0.245228237,6.829241127,7.469935925,316.5819
48,128,first,hash,5,0.007324,1.694346111,1.694468936,1.693116264,0.011184275,1.681937761,1.709557141,0.0000
48,256,all,aho_corasick,5,3.090285,3.013271883,3.044273851,3.054898806,0.070148775,2.984421901,3.169454661,37.2937
48,256,all,hash,5,0.013806,2.217187686,2.217344875,2.218141400,0.026051897,2.176655247,2.242700525,0.0000
48,256,first,aho_corasick,5,3.232220,2.499373161,2.531430607,2.482832676,0.097727729,2.314350981,2.553676213,53.7633
48,256,first,bndmq,5,0.038913,13.585347009,13.587144056,13.558477195,0.097011750,13.451274257,13.679825910,725.3055
48,256,first,hash,5,0.013946,1.646070018,1.646316877,1.644495185,0.012627388,1.629541131,1.659414491,0.0000
48,1000,all,aho_corasick,5,14.639762,4.390436489,4.539338081,4.550014256,0.064613458,4.454044872,4.620066330,98.7379
48,1000,all,hash,5,0.046496,2.283588823,2.284083242,2.265238252,0.032031097,2.219771000,2.289695491,0.0000
48,1000,first,aho_corasick,5,14.553472,3.703244214,3.856704027,3.891616679,0.108656961,3.778869062,4.067465945,130.2993
48,1000,first,hash,5,0.051096,1.674162442,1.674648351,1.675255865,0.016877810,1.653525733,1.700857478,0.0000
48,10000,all,aho_corasick,5,184.951857,11.554876590,13.612183766,13.518096676,0.679212744,12.801400417,14.467076156,413.5825
48,10000,all,hash,5,0.635125,2.643684013,2.650437599,2.696393089,0.102403283,2.609284011,2.863957502,0.0000
48,10000,first,aho_corasick,5,171.231734,10.168316043,11.833029484,11.747222416,0.348182193,11.142694505,11.997945324,470.7811
48,10000,first,hash,5,0.624154,2.066414657,2.073129164,2.069317727,0.028019975,2.029407691,2.107739325,0.0000
48,100000,all,hash,5,5.416175,5.620859168,5.676477527,5.621567067,0.324812393,5.081335597,5.931335567,0.0000
48,100000,first,hash,5,5.716412,4.276901096,4.333780172,4.321674623,0.111991998,4.193061344,4.438090524,0.0000
48,1000000,all,hash,5,87.570997,6.516286387,7.348988532,7.396489041,0.165793040,7.202832424,7.569630401,0.0000
48,1000000,first,hash,5,101.173452,6.617626405,7.855043920,7.630406007,0.694980720,6.835409789,8.549852790,0.0000
64,1,all,aho_corasick,5,0.022548,1.100303161,1.100519296,1.125883996,0.055912351,1.089697485,1.222561687,307.3093
64,1,all,bndmq,5,0.000474,0.270184746,0.270192535,0.273836564,0.007799399,0.265080861,0.283205623,0.0000
64,1,all,hash,5,0.000323,1.714190144,1.714193792,1.763079303,0.086790298,1.685222743,1.877083985,534.4342
64,1,first,aho_corasick,5,0.021519,0.513205610,0.513454213,0.518976344,0.011447204,0.507845446,0.533638755,57.2321
64,1,first,bndmq,5,0.000514,0.326549932,0.326558141,0.327219586,0.011474377,0.314475320,0.344416005,0.0000
64,1,first,hash,5,0.000305,1.346936672,1.346942102,1.342867540,0.020295721,1.310355648,1.361920150,312.4662
64,2,all,aho_corasick,5,0.036066,5.231957619,5.232331878,5.247388153,0.032447702,5.217539423,5.298312828,1426.5027
64,2,all,bndmq,5,0.001239,0.342749748,0.342765983,0.342581557,0.010627857,0.328845924,0.356200060,0.0000
64,2,all,hash,5,0.000433,1.779300250,1.779304714,1.785451610,0.052333936,1.734270269,1.840191334,419.1019
64,2,first,aho_corasick,5,0.036363,4.209438482,4.209813765,4.241984715,0.078104853,4.171878655,4.366434927,1052.7953
64,2,first,bndmq,5,0.001228,0.365167569,0.365183128,0.366989300,0.004968422,0.362201550,0.373483305,0.0000
64,2,first,hash,5,0.000382,1.368830590,1.368835141,1.377425073,0.046906389,1.334672107,1.449121791,274.8353
64,4,all,aho_corasick,5,0.069641,2.095258187,2.095955087,2.095372204,0.021877938,2.063782343,2.125613288,313.4879
64,4,all,bndmq,5,0.002844,0.506861202,0.506896374,0.525931076,0.044483342,0.481264864,0.573714689,0.0000
64,4,all,hash,5,0.000629,1.914710807,1.914719489,1.934669622,0.057956811,1.884128373,2.029256853,277.7339
64,4,first,aho_corasick,5,0.067570,1.680182757,1.680822617,1.683983290,0.014682913,1.666553767,1.705458426,273.2724
64,4,first,bndmq,5,0.002311,0.450263556,0.450293843,0.451804035,0.017970966,0.428066644,0.476130241,0.0000
64,4,first,hash,5,0.000559,1.428207789,1.428214144,1.434363887,0.014023368,1.418699749,1.451526268,217.1738
64,8,all,aho_corasick,5,0.138979,2.106797372,2.108119137,2.104896442,0.014680320,2.082316376,2.121621787,202.5003
64,8,all,bndmq,5,0.004413,0.696850761,0.696898157,0.681343448,0.026728754,0.648103148,0.704640240,0.0000
64,8,all,hash,5,0.001060,2.100147015,2.100157992,2.122003168,0.045486813,2.077413270,2.178528119,201.3579
64,8,first,aho_corasick,5,0.126638,1.749317222,1.750602450,1.743375070,0.024086241,1.706712190,1.770388998,201.5589
64,8,first,bndmq,5,0.003608,0.580472055,0.580517614,0.579772547,0.008879704,0.570024124,0.591815298,0.0000
64,8,first,hash,5,0.000909,1.577477521,1.577488450,1.579247302,0.016996258,1.553896307,1.599777657,171.7383
64,16,all,aho_corasick,5,0.288758,2.127547438,2.130452277,2.132645697,0.011335691,2.117261581,2.147476653,76.8200
64,16,all,bndmq,5,0.006659,1.204739118,1.204870509,1.236331546,0.080739826,1.177966651,1.377926238,0.0000
64,16,all,hash,5,0.001821,2.147284407,2.147307813,2.190137116,0.104069834,2.081505109,2.335531555,78.2190
64,16,first,aho_corasick,5,0.239388,1.725518173,1.727798199,1.732012812,0.017933316,1.709779452,1.755721893,91.6504
64,16,first,bndmq,5,0.006766,0.901402965,0.901536605,0.900023668,0.010832063,0.885893165,0.914979111,0.0000
64,16,first,hash,5,0.001964,1.602171201,1.602197123,1.649261679,0.097130697,1.580180742,1.814334304,77.7185
64,32,all,aho_corasick,5,0.524212,2.207305722,2.212397632,2.208885569,0.033865781,2.157318849,2.245979171,10.4320
64,32,all,bndmq,5,0.010545,2.003268924,2.003402984,1.997609307,0.044153350,1.926061558,2.042962834,0.0000
64,32,all,hash,5,0.003543,2.256734976,2.256772546,2.313615332,0.130716502,2.178035481,2.492831292,12.6470
64,32,first,aho_corasick,5,0.482576,1.753014196,1.757755603,1.759235810,0.004906901,1.754158674,1.765831338,16.3343
64,32,first,bndmq,5,0.009361,1.510828293,1.510952074,1.515476430,0.013631421,1.505572219,1.539496439,0.0000
64,32,first,hash,5,0.003497,1.595311838,1.595346163,1.593641366,0.024141907,1.560144724,1.627485608,5.5855
64,64,all,aho_corasick,5,1.028080,2.312730948,2.323144367,2.320033909,0.013092394,2.302320486,2.334254341,10.1827
64,64,all,bndmq,5,0.030667,3.364137587,3.364543366,3.440475323,0.117382612,3.353008621,3.614420000,59.5745
64,64,all,hash,5,0.004994,2.108388273,2.108446807,2.102281255,0.012823140,2.081451981,2.113103838,0.0000
64,64,first,aho_corasick,5,1.011183,1.888185735,1.897540590,1.897739615,0.040174198,1.850134036,1.946965604,18.8067
64,64,first,bndmq,5,0.032042,2.686840115,2.687505047,2.737681104,0.124749447,2.665185091,2.959919276,68.2671
64,64,first,hash,5,0.007319,1.597084953,1.597166530,1.602750905,0.017686292,1.580431139,1.627014304,0.0000
64,128,all,aho_corasick,5,2.024400,2.668427403,2.687988009,2.692173629,0.074023083,2.616488202,2.798353973,31.7630
64,128,all,bndmq,5,0.068152,6.825645439,6.826550822,6.840203230,0.073028388,6.765458459,6.960604104,234.6319
64,128,all,hash,5,0.009603,2.039908370,2.040017730,2.034422017,0.020826824,2.006187808,2.057822514,0.0000
64,128,first,aho_corasick,5,2.011623,2.239834220,2.259508641,2.275799079,0.059562962,2.216816241,2.375883033,44.6853
64,128,first,bndmq,5,0.058459,5.108692943,5.109432371,5.142306672,0.106436428,5.045120590,5.303226694,227.1772
64,128,first,hash,5,0.009432,1.561519807,1.561671187,1.562956115,0.013844775,1.543918562,1.578502898,0.0000
64,256,all,aho_corasick,5,4.736274,3.265492779,3.303798162,3.346036364,0.105584193,3.272701295,3.532578915,62.3970
64,256,all,bndmq,5,0.041668,13.638047684,13.638419073,13.722226408,0.241166733,13.544478541,14.145986058,570.3914
64,256,all,hash,5,0.018674,2.034067372,2.034396381,2.045543501,0.023985166,2.022089606,2.081641667,0.0000
64,256,first,aho_corasick,5,4.104077,2.699887320,2.737471765,2.750940384,0.059484287,2.687128386,2.836067908,72.1577
64,256,first,bndmq,5,0.054772,9.922550945,9.923118704,9.969671353,0.082821450,9.911046558,10.107726465,524.0580
64,256,first,hash,5,0.019336,1.589778120,1.590095710,1.591166178,0.021955058,1.569039212,1.626826206,0.0000
64,1000,all,aho_corasick,5,19.288303,4.419047322,4.617122996,4.625134228,0.156644125,4.403697833,4.827167406,121.9097
64,1000,all,hash,5,0.082764,2.079938460,2.080631049,2.126404035,0.108945911,2.054423951,2.319354061,0.0000
64,1000,first,aho_corasick,5,19.435460,3.645719279,3.821741267,3.832825333,0.039329794,3.788237764,3.894751110,139.1908
64,1000,first,hash,5,0.073978,1.596686967,1.597779504,1.595408199,0.011026287,1.579349211,1.607667205,0.0000
64,10000,all,aho_corasick,5,229.933516,11.757256195,14.213565713,14.412813261,0.607670877,14.029672621,15.479182002,472.1498
64,10000,all,hash,5,0.868260,2.475077670,2.484238552,2.480563567,0.049607484,2.417052616,2.549321721,0.0000
64,10000,first,aho_corasick,5,259.343054,9.474818800,12.297264315,12.147852362,0.566176386,11.367342885,12.844188492,559.0039
64,10000,first,hash,5,0.866096,1.856882386,1.866038058,1.867383307,0.007379536,1.856706267,1.875684689,0.0000
64,100000,all,hash,5,7.227695,4.442931694,4.513756482,4.558924422,0.175607642,4.392527495,4.856310097,0.0000
64,100000,first,hash,5,7.301332,4.260280549,4.333297463,5.048714958,1.330967613,4.105467429,7.203846722,0.0000
64,1000000,all,hash,5,109.992936,5.732960824,6.868198494,7.042934288,0.391382950,6.695683999,7.672841774,0.0000
64,1000000,first,hash,5,109.260063,4.946707997,6.216732007,6.210151058,0.181852602,5.932377225,6.398839382,0.0000
80,1,all,aho_corasick,5,0.025915,1.186810268,1.187075983,1.179845448,0.035438635,1.128225211,1.215474637,0.0000
80,1,all,hash,5,0.000257,1.626626952,1.626630322,1.658458680,0.067519167,1.613243680,1.774883553,37.0283
80,1,first,aho_corasick,5,0.025842,0.514221550,0.514468114,0.511985099,0.020038834,0.481452367,0.537179571,0.0000
80,1,first,hash,5,0.000308,1.326463383,1.326466652,1.317755565,0.022897288,1.284091229,1.337892507,157.8326
80,2,all,aho_corasick,5,0.046027,5.079126332,5.079557387,5.087065026,0.023944766,5.067168648,5.126045353,204.4579
80,2,all,hash,5,0.000393,1.668389456,1.668394067,1.693515670,0.061536177,1.661362273,1.803257135,0.0000
80,2,first,aho_corasick,5,0.041942,4.107839367,4.108261990,4.107050874,0.018424870,4.088045148,4.131512920,213.5675
80,2,first,hash,5,0.000444,1.310163569,1.310168185,1.308727097,0.017189723,1.287128555,1.329288844,0.0000
80,4,all,aho_corasick,5,0.081778,2.145523193,2.146333299,2.167415685,0.055880527,2.130935397,2.264938376,22.6236
80,4,all,hash,5,0.000728,1.750332777,1.750342117,1.767804986,0.050262251,1.730017563,1.852622252,0.0000
80,4,first,aho_corasick,5,0.075288,1.736285076,1.737048915,1.744117813,0.014744388,1.728777617,1.763875769,25.4931
80,4,first,hash,5,0.000670,1.384171586,1.384178706,1.385240834,0.014940954,1.364359639,1.403011131,0.0000
80,8,all,aho_corasick,5,0.158406,2.119830525,2.121431896,2.136002913,0.059591175,2.059024075,2.220456336,9.2027
80,8,all,hash,5,0.001140,1.942641585,1.942655110,1.939704387,0.033818764,1.895816476,1.976179108,0.0000
80,8,first,aho_corasick,5,0.148867,1.768152749,1.769654318,1.772558193,0.012804280,1.757160000,1.789622950,15.2491
80,8,first,hash,5,0.001004,1.535492234,1.535503993,1.572836203,0.074301273,1.503541710,1.660764147,0.0000
80,16,all,aho_corasick,5,0.319973,2.160240542,2.163161404,2.149118139,0.037723820,2.086297420,2.183930868,9.0916
80,16,all,hash,5,0.002212,1.982862198,1.982884790,1.993002100,0.066396472,1.911374604,2.076649193,0.0000
80,16,first,aho_corasick,5,0.313939,1.803992872,1.806980031,1.900013105,0.241159444,1.756759105,2.329660879,19.4814
80,16,first,hash,5,0.002410,1.512326196,1.512353020,1.517970828,0.020523806,1.490730928,1.544806982,0.0000
80,32,all,aho_corasick,5,0.651184,2.218370463,2.225296691,2.220623728,0.057267153,2.158262651,2.303328615,17.7880
80,32,all,hash,5,0.003331,1.889199276,1.889238499,1.890908735,0.046625453,1.843434780,1.949270620,0.0000
80,32,first,aho_corasick,5,0.600406,1.791418209,1.797248140,1.806697023,0.016087638,1.793097666,1.824781742,19.5341
80,32,first,hash,5,0.003337,1.503506842,1.503544814,1.509520919,0.033237351,1.482275719,1.566777557,0.0000
80,64,all,aho_corasick,5,1.274382,2.356500358,2.369727605,2.366656397,0.033191425,2.320989870,2.412578812,22.9132
80,64,all,hash,5,0.006079,1.927899847,1.927969124,1.920890188,0.039050942,1.865457044,1.961669702,0.0000
80,64,first,aho_corasick,5,1.314730,1.959388655,1.973148790,2.000186193,0.082179978,1.918014006,2.125745492,32.0887
80,64,first,hash,5,0.006069,1.493737640,1.493806445,1.492489771,0.009656516,1.479459892,1.504146577,0.0000
80,128,all,aho_corasick,5,2.547543,2.733430413,2.758758362,2.763775717,0.013526542,2.753018639,2.787317965,43.4689
80,128,all,hash,5,0.013365,1.922734235,1.922896384,1.982682799,0.128527623,1.903521133,2.209960390,0.0000
80,128,first,aho_corasick,5,2.635731,2.460794828,2.486666497,2.468091915,0.058341818,2.367690090,2.509531681,65.4934
80,128,first,hash,5,0.013846,1.502424435,1.502577015,1.504958525,0.022705924,1.484458401,1.540073155,0.0000
80,256,all,aho_corasick,5,5.429770,3.216438137,3.271710947,3.272100130,0.087548053,3.142785874,3.386089708,69.6381
80,256,all,hash,5,0.028684,1.928333823,1.928641193,1.939176056,0.021920342,1.916367157,1.969336821,0.0000
80,256,first,aho_corasick,5,5.558280,2.848463513,2.905331789,2.897269281,0.028628279,2.849075502,2.923505663,82.0018
80,256,first,hash,5,0.022672,1.596013628,1.596320297,1.593415039,0.022897152,1.570085980,1.626835226,0.0000
80,1000,all,aho_corasick,5,23.491587,4.395590309,4.618710713,4.643173702,0.218799326,4.367185476,4.978921502,139.7610
80,1000,all,hash,5,0.083515,1.925513969,1.926381177,2.024956058,0.186074068,1.895115610,2.342519415,0.0000
80,1000,first,aho_corasick,5,23.107866,3.773841432,4.005010900,4.039842194,0.117811314,3.897990704,4.182328805,156.7333
80,1000,first,hash,5,0.095548,1.559001282,1.559989020,1.574148758,0.031302624,1.543138204,1.622267565,0.0000
80,10000,all,aho_corasick,5,302.425486,11.988564853,15.473324293,16.211837618,1.650448930,14.644702031,18.370176970,609.5775
80,10000,all,hash,5,0.949764,2.172212926,2.180639129,2.183914350,0.014300873,2.166897596,2.203309683,0.0000
80,10000,first,aho_corasick,5,313.292305,10.557494425,13.952117706,14.521617795,1.523321284,13.329080642,16.998007734,648.9770
80,10000,first,hash,5,0.805182,1.854629211,1.862823374,1.870039032,0.054215852,1.813231334,1.959361081,0.0000
80,100000,all,hash,5,9.810800,4.291444207,4.390736489,4.438237350,0.163022397,4.253706013,4.687580065,0.0000
80,100000,first,hash,5,9.617629,3.698069794,3.787084036,3.773192440,0.334122260,3.268092654,4.112437005,0.0000
80,1000000,all,hash,5,132.498046,4.928490623,6.241125338,6.361460669,0.237019838,6.219800120,6.774744381,0.0000
80,1000000,first,hash,5,148.205655,4.520551569,6.040259419,6.116691240,0.314871089,5.742269265,6.451462507,0.0000
96,1,all,aho_corasick,5,0.029331,1.212515008,1.212866841,1.213271330,0.015205125,1.193978706,1.233387303,0.0000
96,1,all,hash,5,0.000404,1.527799132,1.527803287,1.526601458,0.010159004,1.515220383,1.537270817,25.9663
96,1,first,aho_corasick,5,0.027880,0.478680569,0.478978067,0.485903490,0.022257229,0.464307020,0.523109740,0.0000
96,1,first,hash,5,0.000348,1.305770821,1.305776639,1.312261639,0.035550215,1.273303220,1.370478371,172.6172
96,2,all,aho_corasick,5,0.052101,4.949373630,4.949906686,4.955062122,0.071855799,4.857721628,5.032153373,218.6853
96,2,all,hash,5,0.000461,1.553220348,1.553227404,1.553485885,0.015023368,1.533537824,1.572917218,0.0000
96,2,first,aho_corasick,5,0.050665,4.114118413,4.114634494,4.109414059,0.059575675,4.045737465,4.199345180,211.7716
96,2,first,hash,5,0.000447,1.319753921,1.319759135,1.306099390,0.022917895,1.280594832,1.327446457,0.0000
96,4,all,aho_corasick,5,0.093209,2.120975895,2.121954241,2.113739503,0.056083637,2.044234881,2.184861347,32.1098
96,4,all,hash,5,0.000682,1.606196817,1.606204472,1.619757341,0.039835714,1.575147815,1.665933363,0.0000
96,4,first,aho_corasick,5,0.092818,1.839543088,1.840426302,1.840392360,0.017258652,1.812382453,1.855131722,33.6405
96,4,first,hash,5,0.000680,1.377135487,1.377146827,1.380872628,0.030994130,1.344028684,1.421012442,0.0000
96,8,all,aho_corasick,5,0.195134,2.124020951,2.125981734,2.125280471,0.024896424,2.088945777,2.158065121,21.7953
96,8,all,hash,5,0.001408,1.745521803,1.745536753,1.739907987,0.020373240,1.710448927,1.761542839,0.0000
96,8,first,aho_corasick,5,0.173403,1.811666837,1.813417735,1.808215825,0.011121197,1.794332484,1.819427865,25.2947
96,8,first,hash,5,0.001131,1.447301836,1.447321444,1.450553961,0.018302459,1.431057333,1.478761222,0.0000
96,16,all,aho_corasick,5,0.363023,2.123593685,2.127096137,2.133444066,0.024952481,2.100264039,2.163681906,22.7622
96,16,all,hash,5,0.002318,1.732670535,1.732695712,1.750154805,0.031627961,1.720640926,1.785417867,0.0000
96,16,first,aho_corasick,5,0.374000,1.867175710,1.870942342,1.897336459,0.051819192,1.849562825,1.974630562,30.4504
96,16,first,hash,5,0.002389,1.434184656,1.434217554,1.438853618,0.011770269,1.431075466,1.459613258,0.0000
96,32,all,aho_corasick,5,0.734056,2.222486450,2.230182421,2.235950975,0.018746900,2.217143728,2.259535801,29.9000
96,32,all,hash,5,0.004854,1.716788626,1.716845931,1.720708619,0.019191767,1.692739132,1.741890989,0.0000
96,32,first,aho_corasick,5,0.743448,1.936489728,1.944387800,1.946429028,0.030222366,1.907711283,1.987598238,36.8611
96,32,first,hash,5,0.004493,1.420655575,1.420702011,1.419745408,0.011256338,1.403850128,1.434873934,0.0000
96,64,all,aho_corasick,5,1.606190,2.404490704,2.420056420,2.411562910,0.054501094,2.345789581,2.463985678,33.8910
96,64,all,hash,5,0.007061,1.807404641,1.807482988,1.806907721,0.013401368,1.788428310,1.825318815,0.0000
96,64,first,aho_corasick,5,1.696288,2.064577133,2.082910269,2.084756033,0.023168771,2.061922197,2.118814434,40.8586
96,64,first,hash,5,0.008203,1.478622761,1.478724623,1.481080342,0.011056279,1.466290492,1.496032682,0.0000
96,128,all,aho_corasick,5,3.110788,2.773656893,2.804768375,2.797348184,0.027851028,2.766216283,2.833334913,62.8771
96,128,all,hash,5,0.014136,1.721864736,1.722014966,1.721655162,0.020440323,1.693887412,1.751188278,0.0000
96,128,first,aho_corasick,5,3.062638,2.448490643,2.479462816,2.490487438,0.042470237,2.446442997,2.555891298,71.6735
96,128,first,hash,5,0.013926,1.444104682,1.444289876,1.452804317,0.017844586,1.437986289,1.478297508,0.0000
96,256,all,aho_corasick,5,6.404609,3.240735319,3.305605709,3.294521689,0.024816740,3.262314035,3.317473625,78.4125
96,256,all,hash,5,0.027050,1.852418785,1.852788274,1.858915574,0.023829887,1.830991738,1.895384539,0.0000
96,256,first,aho_corasick,5,6.653153,2.828118234,2.895475269,2.917535711,0.105116469,2.796138128,3.077129906,94.7808
96,256,first,hash,5,0.027962,1.486236978,1.486530227,1.483814205,0.007659811,1.472203766,1.491678297,0.0000
96,1000,all,aho_corasick,5,29.463837,4.451220878,4.718717793,4.745921072,0.148080414,4.595850608,4.945939188,168.2484
96,1000,all,hash,5,0.099065,1.757918624,1.759085402,1.763907356,0.018294586,1.741492957,1.783222934,0.0000
96,1000,first,aho_corasick,5,28.068926,3.732793154,4.015499189,4.063035798,0.120975705,3.971859876,4.275057360,173.2856
96,1000,first,hash,5,0.114244,1.468079424,1.469341581,1.465919014,0.014109039,1.449161572,1.480354889,0.0000
96,10000,all,aho_corasick,5,360.606568,12.181387527,15.791201398,16.103317308,0.746604580,15.549906200,17.411510367,670.4278
96,10000,all,hash,5,0.990638,2.039677331,2.049666541,2.053637375,0.016521473,2.038114414,2.077268675,0.0000
96,10000,first,aho_corasick,5,367.225769,10.795725289,14.657793374,14.667762131,0.421055727,14.228135344,15.324169092,749.1482
96,10000,first,hash,5,0.990398,1.716168648,1.726176098,1.707427777,0.048513233,1.650409799,1.764643861,0.0000
96,100000,all,hash,5,10.863826,3.449815160,3.561577247,3.556895406,0.069785914,3.449536531,3.644932740,0.0000
96,100000,first,hash,5,11.892617,3.042468325,3.165540549,3.187250549,0.162684380,2.996318617,3.420625079,0.0000
96,1000000,all,hash,5,152.211488,4.287280395,5.879640831,6.082072256,0.531803417,5.750583809,7.013127394,0.0000
96,1000000,first,hash,5,143.491160,3.870494359,5.292459535,5.341631703,0.110378650,5.218521303,5.461045788,0.0000
128,1,all,aho_corasick,5,0.039422,1.394686840,1.395040336,1.390195689,0.025181993,1.362790371,1.421734833,0.0000
128,1,all,hash,5,0.000542,1.407563522,1.407569978,1.434658527,0.068120042,1.396507956,1.556175870,0.8982
128,1,first,aho_corasick,5,0.036145,0.419420574,0.419789591,0.450565195,0.073312891,0.401877638,0.579797533,0.0000
128,1,first,hash,5,0.000451,1.209717826,1.209722421,1.216459623,0.016037026,1.204170889,1.243355119,188.1735
128,2,all,aho_corasick,5,0.067855,4.525756723,4.526444573,4.532121809,0.020616431,4.507772142,4.563652871,244.6996
128,2,all,hash,5,0.000525,1.313150437,1.313156474,1.317351337,0.009428837,1.310994970,1.333485984,0.0000
128,2,first,aho_corasick,5,0.067057,4.040998982,4.041708544,4.034517611,0.036671316,3.984654456,4.076823239,220.1526
128,2,first,hash,5,0.000528,1.262425670,1.262431702,1.266118566,0.041297569,1.207986560,1.321679349,0.0000
128,4,all,aho_corasick,5,0.119780,2.144253216,2.145468452,2.146236431,0.041371270,2.101877457,2.209332944,56.3084
128,4,all,hash,5,0.001194,1.372577330,1.372586855,1.369259630,0.024083249,1.342067106,1.403639625,0.0000
128,4,first,aho_corasick,5,0.123792,1.903456968,1.904665390,1.895334081,0.023567974,1.864969544,1.919464489,55.2662
128,4,first,hash,5,0.000913,1.226699702,1.226709668,1.230753432,0.006425428,1.225420355,1.237815133,0.0000
128,8,all,aho_corasick,5,0.232581,2.195952180,2.198451944,2.192066208,0.025672109,2.155410832,2.223218329,52.6790
128,8,all,hash,5,0.001395,1.439901673,1.439917559,1.468012688,0.079973059,1.415278790,1.609738607,0.0000
128,8,first,aho_corasick,5,0.243900,1.956593799,1.958961942,1.956943811,0.032958300,1.916841413,2.006219856,50.1728
128,8,first,hash,5,0.001419,1.304447828,1.304472085,1.299334661,0.021502691,1.269007277,1.324569613,0.0000
128,16,all,aho_corasick,5,0.471497,2.195256842,2.200006864,2.209803162,0.019837672,2.189686587,2.238234541,56.8137
128,16,all,hash,5,0.003313,1.402914187,1.402942708,1.402054753,0.005025868,1.393610417,1.406369502,0.0000
128,16,first,aho_corasick,5,0.480446,1.971393255,1.976471675,1.974681949,0.023621261,1.939534393,2.005320808,54.6718
128,16,first,hash,5,0.003494,1.277818880,1.277849048,1.279709320,0.003995487,1.275260330,1.284150598,0.0000
128,32,all,aho_corasick,5,1.026667,2.304810832,2.315236487,2.316476790,0.021054972,2.289601734,2.346092581,63.2997
128,32,all,hash,5,0.005100,1.417727788,1.417783768,1.421551580,0.033608178,1.382386441,1.470614500,0.0000
128,32,first,aho_corasick,5,0.967870,1.999723802,2.009422711,2.019635027,0.016674700,2.008003968,2.045909894,55.1888
128,32,first,hash,5,0.005206,1.294767102,1.294824645,1.294972802,0.020125790,1.274476012,1.324032823,0.0000
128,64,all,aho_corasick,5,1.990376,2.489561034,2.509939733,2.521796365,0.022905060,2.498730055,2.550155144,75.1966
128,64,all,hash,5,0.009425,1.432526180,1.432642096,1.461316756,0.061447108,1.411459546,1.561077366,0.0000
128,64,first,aho_corasick,5,1.999049,2.145647515,2.165848183,2.159749420,0.014957300,2.133394068,2.168633983,65.5718
128,64,first,hash,5,0.010472,1.307990186,1.308101968,1.302581240,0.014330302,1.284475857,1.318168680,0.0000
128,128,all,aho_corasick,5,4.301470,2.816881556,2.862590840,2.866108138,0.016487584,2.850663054,2.894141912,97.6232
128,128,all,hash,5,0.021315,1.448315593,1.448509698,1.458371381,0.036822267,1.416681927,1.496915611,0.0000
128,128,first,aho_corasick,5,4.038564,2.509850680,2.550784013,2.558672421,0.021111585,2.537227221,2.587003536,97.9352
128,128,first,hash,5,0.020573,1.288502333,1.288696648,1.287276250,0.007692940,1.276684097,1.297043761,0.0000
128,256,all,aho_corasick,5,8.547096,3.149629631,3.236037458,3.265550595,0.056845820,3.215508999,3.347354715,128.6348
128,256,all,hash,5,0.040896,1.414954900,1.415374189,1.441127592,0.065085893,1.402957554,1.556254917,0.0000
128,256,first,aho_corasick,5,8.127773,2.899196382,2.983957332,2.978605193,0.022309028,2.943857332,3.001115148,132.7318
128,256,first,hash,5,0.035456,1.281711927,1.282144326,1.291118844,0.016667667,1.277650245,1.314320191,0.0000
128,1000,all,aho_corasick,5,38.688138,4.185936208,4.600732459,4.671210900,0.188386898,4.480055090,4.875226360,218.3757
128,1000,all,hash,5,0.138168,1.443206664,1.445063930,1.451931938,0.015990233,1.437294745,1.478189664,0.0000
128,1000,first,aho_corasick,5,38.870466,3.907759294,4.469086622,4.434243321,0.152163347,4.263916982,4.579805140,243.0694
128,1000,first,hash,5,0.132227,1.301321947,1.302677175,1.301434355,0.006938680,1.293322683,1.310339389,0.0000
128,10000,all,aho_corasick,5,546.189542,12.234964210,17.539289491,17.740549627,0.764428384,16.991288057,18.977467595,915.6027
128,10000,all,hash,5,1.382739,1.712997814,1.726983376,1.711159798,0.084497675,1.606380357,1.790730479,0.0000
128,10000,first,aho_corasick,5,555.855379,11.129107352,16.715896748,16.740720257,0.664074010,16.084957380,17.827066026,1011.4279
128,10000,first,hash,5,1.632632,1.486136818,1.504001912,1.491740327,0.047058136,1.428367153,1.551491347,0.0000
128,100000,all,hash,5,15.495058,2.406927906,2.558378753,2.601332315,0.125200606,2.477888084,2.787610865,0.0000
128,100000,first,hash,5,14.721287,2.136583007,2.296824956,2.311308007,0.090052776,2.212565625,2.439023532,0.0000
128,1000000,all,hash,5,186.563695,2.893223684,4.808492743,4.960063220,0.326158267,4.790529059,5.541771386,0.0000
128,1000000,first,hash,5,201.776562,2.783114984,4.900190960,4.825757777,0.161606240,4.641094758,5.010067920,0.0000
