k,patterns,mode,best_algorithm,median_reference_ns_per_base,second_algorithm,margin_pct
4,1,all,aho_corasick,0.674631801,bndmq,81.4521
4,1,first,aho_corasick,0.274458993,bndmq,135.5333
4,2,all,bndmq,2.392126458,hash,7.5385
4,2,first,bndmq,1.035799109,hash,9.9154
4,3,all,hash,2.901773050,bndmq,20.0104
4,3,first,hash,1.064211181,bndmq,15.9390
4,4,all,aho_corasick,2.204200145,hash,37.1342
4,4,first,aho_corasick,0.822169323,hash,22.2597
4,8,all,aho_corasick,2.393909536,hash,77.4947
4,8,first,aho_corasick,0.580882351,hash,46.7664
4,16,all,aho_corasick,2.660640366,hash,74.5944
4,16,first,aho_corasick,0.372878410,hash,40.3987
4,32,all,aho_corasick,3.338173735,hash,97.1262
4,32,first,aho_corasick,0.305886223,hash,35.3052
4,64,all,aho_corasick,4.881215228,hash,113.0356
4,64,first,aho_corasick,0.247406568,hash,32.8926
4,91,first,aho_corasick,0.225530822,hash,25.0618
4,108,first,aho_corasick,0.206385332,hash,23.3386
4,118,first,hash,0.236298276,aho_corasick,1.2508
4,128,all,aho_corasick,7.777338540,hash,33.8416
4,128,first,hash,0.177392245,aho_corasick,26.7194
4,256,all,aho_corasick,7.146520727,hash,4.5148
4,256,first,hash,0.093443243,aho_corasick,8.6224
5,128,first,aho_corasick,0.336951856,hash,19.9804
5,256,first,aho_corasick,0.293019684,hash,22.2220
6,1,all,aho_corasick,0.610267840,bndmq,37.5299
6,1,first,aho_corasick,0.326316174,bndmq,96.8120
6,2,all,bndmq,1.631246349,hash,30.6347
6,2,first,bndmq,1.210162199,hash,20.6211
6,3,all,hash,2.207940560,bndmq,11.4028
6,3,first,hash,1.491032471,bndmq,13.5625
6,4,all,aho_corasick,2.111245102,hash,6.7867
6,4,first,aho_corasick,1.441128658,hash,6.8394
6,8,all,aho_corasick,2.157530813,hash,22.5719
6,8,first,aho_corasick,1.385618927,hash,24.0671
6,16,all,aho_corasick,2.163793991,hash,29.6217
6,16,first,aho_corasick,1.300558412,hash,16.6060
6,32,all,aho_corasick,2.208193389,hash,27.6204
6,32,first,aho_corasick,1.161958934,hash,12.3656
6,64,all,aho_corasick,2.266005592,hash,31.2757
6,64,first,aho_corasick,0.876512625,hash,17.6679
6,128,all,aho_corasick,2.217889944,hash,59.0757
6,128,first,aho_corasick,0.612619345,hash,12.9944
6,256,all,aho_corasick,3.081894746,hash,48.0485
6,256,first,aho_corasick,0.467760544,hash,11.2132
6,1000,all,aho_corasick,5.832437245,hash,84.3077
6,1000,first,aho_corasick,0.352689385,hash,8.3274
7,1,all,aho_corasick,0.582261265,bndmq,11.5088
7,4,all,aho_corasick,2.134399833,hash,5.5153
7,4,first,aho_corasick,1.559374128,hash,2.0017
7,256,first,aho_corasick,0.979783910,hash,12.9913
7,360,first,aho_corasick,0.880127290,hash,46.6427
7,506,first,hash,0.818131044,aho_corasick,5.1260
7,1000,all,aho_corasick,3.925345419,hash,15.6672
7,1000,first,hash,0.513725983,aho_corasick,13.8804
8,1,all,bndmq,0.581735661,aho_corasick,0.2674
8,1,first,aho_corasick,0.323828796,bndmq,37.4556
8,2,all,bndmq,1.091499597,hash,90.0620
8,2,first,bndmq,0.796156709,hash,79.0423
8,4,all,bndmq,2.028116141,aho_corasick,3.1403
8,4,first,bndmq,1.510705763,aho_corasick,1.0444
8,5,all,aho_corasick,2.153395867,hash,8.2992
8,5,first,aho_corasick,1.515196741,hash,7.0433
8,6,all,aho_corasick,2.034848274,hash,17.7284
8,6,first,aho_corasick,1.515809121,hash,10.4396
8,8,all,aho_corasick,2.091246601,hash,24.7202
8,8,first,aho_corasick,1.513170341,hash,18.4815
8,16,all,aho_corasick,2.061832985,hash,25.7956
8,16,first,aho_corasick,1.576898697,hash,15.2631
8,32,all,aho_corasick,2.131406726,hash,23.1524
8,32,first,aho_corasick,1.579950843,hash,14.4654
8,64,all,aho_corasick,2.080709414,hash,36.0582
8,64,first,aho_corasick,1.602528895,hash,21.9426
8,128,all,aho_corasick,2.184170792,hash,23.1391
8,128,first,aho_corasick,1.576479482,hash,5.2712
8,181,first,aho_corasick,1.494391961,hash,50.7755
8,256,all,aho_corasick,2.449501811,hash,8.5378
8,256,first,aho_corasick,1.498181474,hash,0.7576
8,360,all,aho_corasick,2.642533415,hash,40.5701
8,360,first,aho_corasick,1.551523267,hash,32.1086
8,427,all,aho_corasick,3.018465083,hash,184.0527
8,427,first,aho_corasick,1.557905714,hash,169.9194
8,506,all,hash,2.821993386,aho_corasick,3.6927
8,506,first,hash,1.296722377,aho_corasick,15.2420
8,1000,all,hash,2.987557195,aho_corasick,14.5950
8,1000,first,hash,1.003406263,aho_corasick,31.1122
8,10000,all,hash,8.881998496,aho_corasick,56.2705
8,10000,first,hash,0.490378559,aho_corasick,109.9937
9,5,all,aho_corasick,2.163752668,bndmq,1.1104
9,5,first,aho_corasick,1.563973531,bndmq,3.9821
10,1,all,bndmq,0.452592496,aho_corasick,30.1461
10,1,first,aho_corasick,0.336767670,bndmq,4.2996
10,2,all,bndmq,0.867732047,hash,143.0149
10,2,first,bndmq,0.645320252,hash,121.5049
10,4,all,bndmq,1.607443475,aho_corasick,35.7930
10,4,first,bndmq,1.163766522,aho_corasick,30.2850
10,5,all,bndmq,1.868111519,aho_corasick,14.5223
10,5,first,bndmq,1.452614439,aho_corasick,13.2041
10,6,all,aho_corasick,2.165117038,bndmq,10.0801
10,6,first,aho_corasick,1.622556002,hash,6.6422
10,8,all,aho_corasick,2.179499088,hash,17.3549
10,8,first,aho_corasick,1.585095936,hash,15.5787
10,16,all,aho_corasick,2.085839756,hash,24.4480
10,16,first,aho_corasick,1.521196003,hash,18.6094
10,32,all,aho_corasick,2.129428750,hash,22.8247
10,32,first,aho_corasick,1.551359539,hash,18.3876
10,64,all,aho_corasick,2.187182323,hash,16.6000
10,64,first,aho_corasick,1.568618296,hash,15.5073
10,128,all,aho_corasick,2.298867662,hash,14.6279
10,128,first,aho_corasick,1.660816153,hash,16.0765
10,181,first,aho_corasick,1.711491402,hash,54.5030
10,256,all,aho_corasick,2.467504645,hash,4.8997
10,256,first,aho_corasick,1.804474231,hash,5.4542
10,360,all,aho_corasick,2.733217544,hash,26.3067
10,360,first,aho_corasick,2.015850138,hash,20.4644
10,427,all,aho_corasick,2.684097882,hash,125.0097
10,427,first,aho_corasick,2.001126658,hash,128.9713
10,506,all,hash,2.581523547,aho_corasick,5.3194
10,506,first,hash,1.831045908,aho_corasick,12.7592
10,1000,all,hash,2.540278969,aho_corasick,37.1588
10,1000,first,hash,1.783112374,aho_corasick,42.2342
10,10000,all,hash,3.337928884,aho_corasick,182.5793
10,10000,first,hash,1.508977362,aho_corasick,198.3894
10,100000,all,hash,10.058145004,,
10,100000,first,hash,0.849431711,aho_corasick,446.5748
10,1000000,first,hash,1.308107434,aho_corasick,965.2185
11,1,first,bndmq,0.317333439,aho_corasick,5.3413
11,4,first,bndmq,1.059580868,aho_corasick,44.7051
11,6,all,bndmq,2.032868317,aho_corasick,0.8158
11,16,first,aho_corasick,1.589151495,hash,13.1816
11,64,first,aho_corasick,1.575676517,hash,15.7091
11,256,first,hash,1.882861074,aho_corasick,0.3928
12,1,all,bndmq,0.391092899,aho_corasick,58.7893
12,1,first,bndmq,0.314665128,aho_corasick,12.8077
12,2,all,bndmq,0.687628563,hash,198.2570
12,2,first,bndmq,0.525947395,hash,184.3389
12,4,all,bndmq,1.249433602,aho_corasick,72.8544
12,4,first,bndmq,0.957504956,aho_corasick,62.5921
12,6,all,bndmq,1.834910252,aho_corasick,17.5169
12,6,first,bndmq,1.460616827,aho_corasick,5.5838
12,7,all,bndmq,2.131250468,aho_corasick,0.4222
12,7,first,aho_corasick,1.540778978,bndmq,4.2355
12,8,all,aho_corasick,2.090224669,bndmq,16.4170
12,8,first,aho_corasick,1.570888997,hash,13.1053
12,16,all,aho_corasick,2.037955725,hash,24.4364
12,16,first,aho_corasick,1.524642276,hash,17.0111
12,32,all,aho_corasick,2.142693302,hash,18.9233
12,32,first,aho_corasick,1.568220457,hash,13.2109
12,64,all,aho_corasick,2.170908595,hash,13.0555
12,64,first,aho_corasick,1.616239138,hash,17.2075
12,128,all,aho_corasick,2.298565598,hash,13.2683
12,128,first,aho_corasick,1.681768411,hash,11.6658
12,181,first,aho_corasick,1.819569711,hash,33.1467
12,215,first,aho_corasick,1.828765467,hash,167.8971
12,235,first,hash,1.835483574,aho_corasick,1.0564
12,256,all,aho_corasick,2.531612917,hash,9.0366
12,256,first,hash,1.897636145,aho_corasick,0.5752
12,360,all,aho_corasick,2.627235386,hash,36.4463
12,427,all,aho_corasick,2.668267883,hash,209.3868
12,506,all,hash,2.533378013,aho_corasick,14.3491
12,1000,all,hash,2.533240844,aho_corasick,47.3743
12,1000,first,hash,1.858702693,aho_corasick,71.4125
12,10000,all,hash,3.097462305,aho_corasick,200.9535
12,10000,first,hash,2.234127312,aho_corasick,210.5126
12,100000,all,hash,6.061109678,,
12,100000,first,hash,3.614037812,aho_corasick,331.6594
12,1000000,all,hash,15.848476863,,
12,1000000,first,hash,3.107514055,,
14,8,all,aho_corasick,2.141545031,bndmq,5.8587
14,8,first,aho_corasick,1.520126460,bndmq,10.0248
14,256,all,aho_corasick,2.447181416,hash,3.9607
15,8,all,aho_corasick,2.110312726,bndmq,0.3994
15,8,first,aho_corasick,1.548935237,bndmq,2.0933
15,45,all,aho_corasick,2.190410125,hash,38.9104
15,256,all,hash,2.580658179,aho_corasick,0.9022
16,1,all,bndmq,0.322467872,aho_corasick,90.2195
16,1,first,bndmq,0.268221241,aho_corasick,20.8313
16,2,all,bndmq,0.579859788,hash,256.9246
16,2,first,bndmq,0.444139498,hash,224.8841
16,4,all,bndmq,1.038755359,hash,107.2786
16,4,first,bndmq,0.808799531,aho_corasick,93.3058
16,8,all,bndmq,1.924894052,aho_corasick,9.7267
16,8,first,bndmq,1.467289215,aho_corasick,9.1501
16,9,all,bndmq,2.137007595,aho_corasick,0.4594
16,9,first,aho_corasick,1.540644655,bndmq,9.6035
16,10,all,aho_corasick,2.154025916,bndmq,9.5422
16,11,all,aho_corasick,2.165890775,bndmq,19.3758
16,11,first,aho_corasick,1.622731662,hash,20.3288
16,16,all,aho_corasick,2.073478828,hash,19.7900
16,16,first,aho_corasick,1.632324695,hash,12.7943
16,32,all,aho_corasick,2.151343192,hash,14.9533
16,32,first,aho_corasick,1.569658230,hash,13.8013
16,64,all,aho_corasick,2.252933784,hash,8.6038
16,64,first,aho_corasick,1.633091585,hash,10.2312
16,128,all,aho_corasick,2.323582378,hash,6.2080
16,128,first,aho_corasick,1.746297122,hash,3.0339
16,181,all,aho_corasick,2.381307177,hash,33.3726
16,181,first,aho_corasick,1.828089574,hash,24.9735
16,215,all,aho_corasick,2.453562308,hash,230.3287
16,215,first,aho_corasick,2.044346946,hash,187.2350
16,235,all,hash,2.434893330,aho_corasick,0.7260
16,235,first,hash,1.769589776,aho_corasick,8.1710
16,256,all,hash,2.538704663,aho_corasick,1.2441
16,256,first,hash,1.787886464,aho_corasick,12.2872
16,1000,all,hash,2.443822292,aho_corasick,70.6818
16,1000,first,hash,1.748042414,aho_corasick,85.3237
16,10000,all,hash,3.109309631,aho_corasick,208.8795
16,10000,first,hash,2.202685895,aho_corasick,230.7006
16,100000,all,hash,5.787890944,,
16,100000,first,hash,4.330062830,,
16,1000000,all,hash,7.775316399,,
16,1000000,first,hash,6.650341349,,
18,9,first,bndmq,1.407008528,aho_corasick,10.7253
20,1,all,bndmq,0.278690365,aho_corasick,116.0046
20,1,first,bndmq,0.245327113,aho_corasick,27.9796
20,2,all,bndmq,0.460258874,hash,333.5822
20,2,first,bndmq,0.371425707,hash,274.2624
20,4,all,bndmq,0.810308186,hash,160.4338
20,4,first,bndmq,0.649883420,hash,136.0050
20,8,all,bndmq,1.590197627,aho_corasick,34.5928
20,8,first,bndmq,1.197857578,aho_corasick,30.4742
20,9,all,bndmq,1.716367723,aho_corasick,23.2250
20,9,first,bndmq,1.322910352,aho_corasick,23.1321
20,10,all,bndmq,1.902073661,aho_corasick,11.4099
20,10,first,bndmq,1.409853996,aho_corasick,11.3649
20,11,all,aho_corasick,2.099669693,bndmq,0.1643
20,11,first,aho_corasick,1.577020120,bndmq,2.5684
20,16,all,aho_corasick,2.158233824,hash,10.4849
20,16,first,aho_corasick,1.564887572,hash,14.8276
20,32,all,aho_corasick,2.084139529,hash,15.0724
20,32,first,aho_corasick,1.662209570,hash,8.9694
20,64,all,aho_corasick,2.215625327,hash,10.6684
20,64,first,aho_corasick,1.719908591,hash,8.0836
20,128,all,aho_corasick,2.275326539,hash,13.6686
20,128,first,aho_corasick,1.763378278,hash,8.3298
20,181,all,aho_corasick,2.418884427,hash,49.1703
20,181,first,aho_corasick,1.838452038,hash,40.4063
20,215,all,aho_corasick,2.525067735,hash,163.1125
20,215,first,aho_corasick,1.935369024,hash,156.2742
20,235,all,hash,2.379887000,aho_corasick,7.2766
20,235,first,hash,1.747320185,aho_corasick,14.2673
20,256,all,hash,2.403113294,aho_corasick,8.7292
20,256,first,hash,1.872112076,aho_corasick,12.0573
20,1000,all,hash,2.537215906,aho_corasick,71.6552
20,1000,first,hash,1.892343475,aho_corasick,53.1039
20,10000,all,hash,2.964247132,aho_corasick,257.9881
20,10000,first,hash,2.241741197,aho_corasick,262.1883
20,100000,all,hash,5.722632625,,
20,100000,first,hash,4.766024758,,
20,1000000,all,hash,7.514012652,,
20,1000000,first,hash,6.203919572,,
22,128,all,aho_corasick,2.311284837,hash,7.6221
22,128,first,aho_corasick,1.789360746,hash,1.6748
23,128,first,hash,1.790869033,aho_corasick,0.2256
24,1,all,bndmq,0.266448739,aho_corasick,122.3174
24,1,first,bndmq,0.244302686,aho_corasick,19.9730
24,2,all,bndmq,0.477327746,hash,327.6772
24,2,first,bndmq,0.358372658,hash,283.8846
24,4,all,bndmq,0.709372764,aho_corasick,198.4500
24,4,first,bndmq,0.569527749,hash,162.4055
24,8,all,bndmq,1.273344199,aho_corasick,68.7144
24,8,first,bndmq,0.964418646,aho_corasick,63.9281
24,11,all,bndmq,1.698392551,aho_corasick,26.9390
24,11,first,bndmq,1.278003555,aho_corasick,25.0533
24,13,all,bndmq,1.982670535,aho_corasick,6.2712
24,13,first,bndmq,1.493307056,aho_corasick,10.6342
24,14,all,aho_corasick,2.117804048,bndmq,2.1129
24,14,first,bndmq,1.620240255,aho_corasick,2.8559
24,16,all,aho_corasick,2.136210487,bndmq,12.6734
24,16,first,aho_corasick,1.642829861,hash,4.1247
24,32,all,aho_corasick,2.215319516,hash,6.0983
24,32,first,aho_corasick,1.665612781,hash,2.2589
24,64,all,aho_corasick,2.271135013,hash,11.0534
24,64,first,aho_corasick,1.753061973,hash,5.2865
24,91,all,aho_corasick,2.265042096,hash,66.0725
24,91,first,aho_corasick,1.823649684,hash,48.9004
24,108,first,aho_corasick,1.791004922,hash,126.3469
24,118,first,aho_corasick,1.814472091,hash,71.2471
24,128,all,aho_corasick,2.379684026,hash,0.6041
24,128,first,hash,1.771250472,aho_corasick,1.7162
24,181,all,aho_corasick,2.494262506,hash,36.1864
24,215,all,aho_corasick,2.601624892,hash,165.3399
24,235,all,hash,2.593270673,aho_corasick,2.6933
24,256,all,hash,2.489332401,aho_corasick,6.0383
24,256,first,hash,1.840308309,aho_corasick,27.2764
24,1000,all,hash,2.685686169,aho_corasick,57.5869
24,1000,first,hash,1.943111394,aho_corasick,82.7346
24,10000,all,hash,2.794429611,aho_corasick,262.2135
24,10000,first,hash,2.145012410,aho_corasick,295.8072
24,100000,all,hash,5.520528879,,
24,100000,first,hash,4.233310513,,
24,1000000,all,hash,7.448961902,,
24,1000000,first,hash,6.399010642,,
27,16,all,aho_corasick,2.219899938,bndmq,3.3180
27,16,first,aho_corasick,1.673717017,bndmq,3.4457
27,128,all,aho_corasick,2.342474835,hash,1.9833
29,16,all,aho_corasick,2.130331998,bndmq,7.1335
29,16,first,aho_corasick,1.714426888,hash,1.8264
30,16,all,bndmq,2.032145369,aho_corasick,6.5100
30,16,first,bndmq,1.502672230,aho_corasick,7.5650
31,1,all,bndmq,0.251781598,aho_corasick,163.9704
31,1,first,bndmq,0.236652480,aho_corasick,27.2032
31,2,all,bndmq,0.381651244,hash,407.5750
31,2,first,bndmq,0.324824208,hash,345.9097
31,4,all,bndmq,0.635707117,aho_corasick,229.1676
31,4,first,bndmq,0.488337036,hash,204.3160
31,8,all,bndmq,1.151656722,aho_corasick,80.9238
31,8,first,bndmq,0.828521771,aho_corasick,95.5685
31,16,all,bndmq,1.994807352,aho_corasick,11.9048
31,16,first,bndmq,1.442551228,aho_corasick,11.5572
31,17,all,aho_corasick,2.119761679,bndmq,4.1706
31,17,first,aho_corasick,1.605823939,bndmq,0.2064
31,19,all,aho_corasick,2.137807930,bndmq,14.7658
31,19,first,aho_corasick,1.614287141,bndmq,14.2669
31,23,all,aho_corasick,2.261026531,hash,25.2858
31,23,first,aho_corasick,1.619919812,bndmq,23.8628
31,32,all,aho_corasick,2.197986516,hash,15.6191
31,32,first,aho_corasick,1.644928798,hash,4.0003
31,64,all,aho_corasick,2.266595127,hash,7.5506
31,64,first,aho_corasick,1.664643280,hash,2.9951
31,91,first,aho_corasick,1.752532173,hash,37.4180
31,108,first,aho_corasick,1.785953996,hash,148.2077
31,118,first,hash,1.758187668,aho_corasick,1.4342
31,128,all,aho_corasick,2.367976604,hash,3.4364
31,128,first,hash,1.845093475,aho_corasick,3.0035
31,181,all,aho_corasick,2.584794425,hash,61.4083
31,215,all,aho_corasick,2.836370482,hash,134.3830
31,235,all,hash,2.379123292,aho_corasick,16.6273
31,256,all,hash,2.398106084,aho_corasick,18.8856
31,256,first,hash,1.705724289,aho_corasick,37.5950
31,1000,all,hash,2.350485939,aho_corasick,88.6229
31,1000,first,hash,1.677058686,aho_corasick,110.5215
31,10000,all,hash,2.816342827,aho_corasick,294.2955
31,10000,first,hash,2.019379541,aho_corasick,317.2002
31,100000,all,hash,5.282937494,,
31,100000,first,hash,4.181560097,,
31,1000000,all,hash,7.220857428,,
31,1000000,first,hash,6.555073260,,
35,32,first,aho_corasick,1.663909135,hash,1.6939
35,64,first,aho_corasick,1.720255855,hash,4.2839
35,128,all,aho_corasick,2.412976119,hash,1.4170
36,64,first,hash,1.715422227,aho_corasick,1.3249
36,128,all,hash,2.385498299,aho_corasick,0.6553
37,64,first,hash,1.725972230,aho_corasick,3.8892
37,128,all,hash,2.360551569,aho_corasick,1.9443
40,1,all,bndmq,0.245608975,aho_corasick,281.4406
40,1,first,bndmq,0.259735572,aho_corasick,108.8526
40,2,all,bndmq,0.338338711,hash,444.2863
40,2,first,bndmq,0.324842299,hash,331.1431
40,4,all,bndmq,0.521545728,hash,297.7815
40,4,first,bndmq,0.443778788,hash,239.8284
40,8,all,bndmq,0.913199656,aho_corasick,126.5525
40,8,first,bndmq,0.756566711,aho_corasick,127.1452
40,16,all,bndmq,1.609741072,aho_corasick,33.7539
40,16,first,bndmq,1.248083602,aho_corasick,31.9410
40,17,all,bndmq,1.733679263,aho_corasick,21.9635
40,19,all,aho_corasick,2.155531933,bndmq,3.9000
40,19,first,bndmq,1.501335625,aho_corasick,9.2340
40,21,first,bndmq,1.609403473,aho_corasick,6.0419
40,23,all,aho_corasick,2.206565045,bndmq,1.6783
40,23,first,aho_corasick,1.665461679,bndmq,5.9702
40,32,all,aho_corasick,2.214539360,hash,0.6619
40,32,first,aho_corasick,1.672500025,hash,4.2473
40,45,first,aho_corasick,1.677591934,hash,18.0319
40,54,first,aho_corasick,1.745728143,hash,84.5729
40,59,first,hash,1.675415611,aho_corasick,5.4846
40,64,all,aho_corasick,2.262680666,hash,0.0093
40,64,first,hash,1.718038043,aho_corasick,3.4810
40,70,first,aho_corasick,1.728173462,hash,1.7834
40,76,first,aho_corasick,1.732941001,hash,7.2027
40,91,all,aho_corasick,2.329365258,hash,25.1429
40,91,first,aho_corasick,1.773590955,hash,21.3365
40,108,all,aho_corasick,2.414120057,hash,186.5832
40,108,first,aho_corasick,1.878720764,hash,180.9321
40,118,all,hash,2.235572999,aho_corasick,7.4801
40,118,first,hash,1.638741177,aho_corasick,16.5390
40,128,all,hash,2.354557496,aho_corasick,2.3578
40,128,first,hash,1.859447511,aho_corasick,6.8543
40,139,all,hash,2.369124692,aho_corasick,4.3272
40,152,all,aho_corasick,2.555466394,hash,6.8656
40,181,all,aho_corasick,2.758022024,hash,27.3011
40,215,all,aho_corasick,2.840139200,hash,152.4526
40,235,all,hash,2.204767630,aho_corasick,32.2095
40,256,all,hash,2.335147260,aho_corasick,30.2344
40,256,first,hash,1.684577871,aho_corasick,45.9889
40,1000,all,hash,2.318887202,aho_corasick,92.6370
40,1000,first,hash,1.749289181,aho_corasick,103.0909
40,10000,all,hash,2.858323083,aho_corasick,312.8500
40,10000,first,hash,2.133301903,aho_corasick,344.2872
40,100000,all,hash,5.198884742,,
40,100000,first,hash,4.107339465,,
40,1000000,all,hash,7.268742443,,
40,1000000,first,hash,6.227504075,,
41,32,first,aho_corasick,1.683393568,hash,3.2944
42,32,all,aho_corasick,2.164367140,hash,4.6585
42,32,first,hash,1.686951783,aho_corasick,1.8724
43,32,all,aho_corasick,2.207792721,hash,1.1453
44,32,all,hash,2.209208254,aho_corasick,0.3120
44,32,first,hash,1.695007380,aho_corasick,1.7160
44,38,all,aho_corasick,2.210468502,hash,7.7636
44,45,all,aho_corasick,2.192392358,hash,22.1655
44,64,all,aho_corasick,2.262225470,hash,0.5602
44,64,first,hash,1.700423517,aho_corasick,2.2958
44,91,all,aho_corasick,2.318304207,hash,28.2271
44,108,all,aho_corasick,2.392718885,hash,87.5434
44,128,all,hash,2.267286750,aho_corasick,13.3847
45,32,all,hash,2.173417494,aho_corasick,2.2017
45,64,all,hash,2.241435439,aho_corasick,1.7756
46,32,all,aho_corasick,2.155149659,hash,1.2132
46,45,all,aho_corasick,2.222871292,hash,10.3172
46,64,all,hash,2.156724289,aho_corasick,5.4943
48,1,all,bndmq,0.269353183,aho_corasick,278.6739
48,1,first,bndmq,0.295108767,aho_corasick,88.0421
48,2,all,bndmq,0.348603451,hash,456.9841
48,2,first,bndmq,0.341486628,hash,314.1897
48,4,all,bndmq,0.503288054,hash,300.6658
48,4,first,bndmq,0.446351112,hash,245.0178
48,8,all,bndmq,0.785395056,aho_corasick,176.2997
48,8,first,bndmq,0.654566159,aho_corasick,160.0410
48,16,all,bndmq,1.297218149,aho_corasick,68.4748
48,16,first,bndmq,1.086328361,hash,50.1162
48,23,all,bndmq,1.828062967,aho_corasick,20.4841
48,23,first,bndmq,1.426880520,aho_corasick,17.9643
48,27,all,bndmq,2.099994662,aho_corasick,4.0567
48,27,first,bndmq,1.668398548,aho_corasick,0.9854
48,29,all,hash,2.138752752,aho_corasick,2.1577
48,29,first,hash,1.603058156,aho_corasick,5.4657
48,32,all,aho_corasick,2.139792259,hash,2.7235
48,32,first,hash,1.705425440,aho_corasick,5.9863
48,45,all,aho_corasick,2.172308007,hash,21.9259
48,54,all,aho_corasick,2.229355139,hash,68.9547
48,59,all,hash,2.183768779,aho_corasick,3.7844
48,64,all,hash,2.226816335,aho_corasick,1.9784
48,64,first,hash,1.687959766,aho_corasick,10.6630
48,128,all,hash,2.277084581,aho_corasick,10.3403
48,128,first,hash,1.809523981,aho_corasick,13.8681
48,256,all,hash,2.307103006,aho_corasick,34.4064
48,256,first,hash,1.638635903,aho_corasick,61.1719
48,1000,all,hash,2.161770246,aho_corasick,99.9078
48,1000,first,hash,1.783305883,aho_corasick,108.3638
48,10000,all,hash,2.568912322,aho_corasick,357.0975
48,10000,first,hash,2.029343811,aho_corasick,396.6905
48,100000,all,hash,5.004574471,,
48,100000,first,hash,3.909564811,,
48,1000000,all,hash,6.760338339,,
48,1000000,first,hash,6.003029304,,
50,32,all,hash,2.165711964,aho_corasick,2.5805
52,32,all,hash,2.130472470,aho_corasick,4.9928
52,32,first,hash,1.622898332,aho_corasick,8.9421
54,32,all,bndmq,1.792650945,hash,18.3711
54,32,first,bndmq,1.442766430,hash,10.1004
56,32,all,bndmq,1.799723723,hash,19.5987
56,32,first,bndmq,1.453291155,hash,9.1835
60,32,first,bndmq,1.464672898,hash,8.6769
62,32,first,bndmq,1.434540160,hash,9.3579
64,1,all,bndmq,0.282012682,aho_corasick,270.7764
64,1,first,bndmq,0.308602501,aho_corasick,64.1490
64,2,all,bndmq,0.334550249,hash,418.0451
64,2,first,bndmq,0.363739662,hash,294.5193
64,4,all,bndmq,0.442010921,hash,321.4404
64,4,first,bndmq,0.440695209,hash,242.4048
64,8,all,bndmq,0.651104102,hash,220.1464
64,8,first,bndmq,0.587194246,hash,170.1214
64,16,all,bndmq,1.041223698,hash,101.6041
64,16,first,bndmq,0.926358932,hash,69.3495
64,23,first,bndmq,1.158373496,aho_corasick,55.4685
64,27,first,bndmq,1.279879248,aho_corasick,38.7595
64,29,first,bndmq,1.324547972,hash,16.7716
64,32,all,bndmq,1.840913194,hash,11.2237
64,32,first,hash,1.596818863,bndmq,0.5051
64,35,all,bndmq,1.929325669,hash,6.4333
64,38,all,hash,2.139988990,aho_corasick,6.8264
64,41,all,aho_corasick,2.186708067,hash,0.4256
64,45,all,aho_corasick,2.232542001,hash,0.9266
64,45,first,hash,1.724401688,aho_corasick,8.5916
64,54,all,aho_corasick,2.319317405,bndmq,22.5342
64,59,all,hash,2.015891511,aho_corasick,14.3067
64,64,all,hash,2.074950073,aho_corasick,13.7681
64,64,first,hash,1.572745311,aho_corasick,21.1319
64,128,all,hash,2.018715718,aho_corasick,31.3689
64,128,first,hash,1.566809171,aho_corasick,40.6116
64,256,all,hash,1.994224612,aho_corasick,105.6471
64,256,first,hash,1.562492825,aho_corasick,74.6531
64,1000,all,hash,2.031625027,aho_corasick,119.0380
64,1000,first,hash,1.545390899,aho_corasick,143.9601
64,10000,all,hash,2.384317001,aho_corasick,460.7558
64,10000,first,hash,1.928856302,aho_corasick,488.7222
64,100000,all,hash,4.641791826,,
64,100000,first,hash,3.568068254,,
64,1000000,all,hash,6.610590359,,
64,1000000,first,hash,5.870684099,,
65,1,all,aho_corasick,1.105097016,hash,49.9112
65,1,first,aho_corasick,0.507169750,hash,162.3651
65,2,all,hash,1.728194224,aho_corasick,200.8713
65,2,first,hash,1.321034593,aho_corasick,211.2245
65,4,all,hash,1.856230674,aho_corasick,14.5654
65,4,first,hash,1.417236340,aho_corasick,25.3149
65,8,all,hash,2.033803183,aho_corasick,8.2908
65,8,first,hash,1.623174881,aho_corasick,12.9492
65,16,all,hash,2.170830527,aho_corasick,7.1245
65,16,first,hash,1.603077192,aho_corasick,19.6946
65,32,all,hash,2.005895543,aho_corasick,11.2317
65,32,first,hash,1.600941425,aho_corasick,23.2211
80,1,all,aho_corasick,1.137579320,hash,45.1858
80,1,first,aho_corasick,0.495652353,hash,167.8658
80,2,all,hash,1.648316060,aho_corasick,206.3225
80,2,first,hash,1.337541693,aho_corasick,215.0597
80,4,all,hash,1.720166003,aho_corasick,22.7990
80,4,first,hash,1.416229510,aho_corasick,24.9072
80,8,all,hash,1.878174648,aho_corasick,9.3494
80,8,first,hash,1.529604030,aho_corasick,20.9237
80,16,all,hash,1.913412995,aho_corasick,13.2721
80,16,first,hash,1.513721743,aho_corasick,22.8019
80,32,all,hash,1.847473383,aho_corasick,17.3990
80,32,first,hash,1.525280388,aho_corasick,20.4171
80,64,all,hash,1.864774054,aho_corasick,26.8056
80,64,first,hash,1.489677410,aho_corasick,30.6772
80,128,all,hash,1.948772232,aho_corasick,40.1988
80,128,first,hash,1.533577683,aho_corasick,57.4528
80,256,all,hash,1.927526335,aho_corasick,73.2945
80,256,first,hash,1.528290323,aho_corasick,82.6505
80,1000,all,hash,1.925327909,aho_corasick,128.2953
80,1000,first,hash,1.514460971,aho_corasick,163.2546
80,10000,all,hash,2.238315323,aho_corasick,554.4226
80,10000,first,hash,1.751146168,aho_corasick,612.5342
80,100000,all,hash,4.119739411,,
80,100000,first,hash,3.322550285,,
80,1000000,all,hash,6.027751904,,
80,1000000,first,hash,5.438473413,,
96,1,all,aho_corasick,1.212030605,hash,27.1720
96,1,first,aho_corasick,0.470885107,hash,173.2505
96,2,all,hash,1.569940746,aho_corasick,215.9358
96,2,first,hash,1.312768289,aho_corasick,210.5152
96,4,all,hash,1.598329071,aho_corasick,35.7708
96,4,first,hash,1.410612929,aho_corasick,29.3078
96,8,all,hash,1.724891542,aho_corasick,26.8813
96,8,first,hash,1.433639893,aho_corasick,27.9894
96,16,all,hash,1.705248378,aho_corasick,29.6899
96,16,first,hash,1.427535902,aho_corasick,34.6809
96,32,all,hash,1.715325627,aho_corasick,30.6676
96,32,first,hash,1.422074897,aho_corasick,33.6641
96,64,all,hash,1.798748983,aho_corasick,32.8949
96,64,first,hash,1.483091715,aho_corasick,41.3739
96,128,all,hash,1.695600789,aho_corasick,65.6309
96,128,first,hash,1.442222181,aho_corasick,69.9574
96,256,all,hash,1.802995194,aho_corasick,78.9552
96,256,first,hash,1.460183300,aho_corasick,97.6131
96,1000,all,hash,1.770424169,aho_corasick,153.8170
96,1000,first,hash,1.468666113,aho_corasick,181.2445
96,10000,all,hash,2.046516167,aho_corasick,674.0995
96,10000,first,hash,1.765015460,aho_corasick,699.9372
96,100000,all,hash,3.567624675,,
96,100000,first,hash,3.094169252,,
96,1000000,all,hash,6.953067384,,
96,1000000,first,hash,5.254720111,,
112,1,all,aho_corasick,1.289720849,hash,13.7478
120,1,all,aho_corasick,1.325904953,hash,3.9503
124,1,all,aho_corasick,1.303363793,hash,5.3788
128,1,all,hash,1.304115022,aho_corasick,4.6058
128,1,first,aho_corasick,0.413793817,hash,189.4330
128,2,all,hash,1.322535470,aho_corasick,244.1233
128,2,first,hash,1.242334446,aho_corasick,229.7140
128,4,all,hash,1.390130025,aho_corasick,54.2055
128,4,first,hash,1.266897268,aho_corasick,50.7990
128,8,all,hash,1.481265064,aho_corasick,47.2847
128,8,first,hash,1.314545498,aho_corasick,50.1196
128,16,all,hash,1.447375395,aho_corasick,56.5188
128,16,first,hash,1.290070218,aho_corasick,52.8786
128,32,all,hash,1.455434138,aho_corasick,60.0652
128,32,first,hash,1.302903932,aho_corasick,52.5191
128,64,all,hash,1.460386019,aho_corasick,74.8280
128,64,first,hash,1.296702519,aho_corasick,65.5074
128,128,all,hash,1.430324409,aho_corasick,102.4333
128,128,first,hash,1.298367738,aho_corasick,98.6521
128,256,all,hash,1.420876198,aho_corasick,127.8029
128,256,first,hash,1.319198062,aho_corasick,125.5742
128,1000,all,hash,1.490904728,aho_corasick,202.3366
128,1000,first,hash,1.410586249,aho_corasick,212.0470
128,10000,all,hash,1.698773702,aho_corasick,893.6396
128,10000,first,hash,1.471995766,aho_corasick,991.2895
128,100000,all,hash,2.588936342,,
128,100000,first,hash,2.256117818,,
128,1000000,all,hash,4.865969618,,
128,1000000,first,hash,6.593289063,,
