k,patterns,mode,algorithm,runs,median_fixed_ns_per_matcher,fixed_p2_5_ns_per_matcher,fixed_p97_5_ns_per_matcher,median_search_ns_per_base,search_p2_5_ns_per_base,search_p97_5_ns_per_base
4,1,all,aho_corasick,5,9354.016000000,9119.609300000,11832.582500000,0.674534280,0.666890771,0.708802025
4,1,all,bndmq,5,684.250000000,653.501200000,1542.900100000,1.224116993,1.193687593,1.225907774
4,1,all,hash,5,209.141000000,184.357500000,300.917400000,2.243310736,2.206409325,2.267543290
4,1,first,aho_corasick,5,9470.469000000,9092.745400000,10571.076900000,0.274368311,0.267601365,0.280181814
4,1,first,bndmq,5,717.906000000,665.595600000,3627.267400000,0.646435766,0.634916458,0.656997403
4,1,first,hash,5,189.422000000,186.938800000,291.320500000,1.217340210,1.193550504,1.225910806
4,2,all,aho_corasick,5,12624.016000000,10424.856500000,23509.982700000,5.013287169,4.931425488,5.058048142
4,2,all,bndmq,5,1171.250000000,1133.520400000,3641.309300000,2.392114969,2.334336074,2.474710863
4,2,all,hash,5,310.906000000,263.099700000,991.759700000,2.572454986,2.480358036,2.631549735
4,2,first,aho_corasick,5,10741.297000000,10365.817400000,12818.646900000,2.126145913,2.090039591,2.142766774
4,2,first,bndmq,5,1166.094000000,1155.359400000,1568.927900000,1.035786839,1.008098247,1.058572089
4,2,first,hash,5,271.578000000,250.843600000,454.990600000,1.138497722,1.111680647,1.149572413
4,4,all,aho_corasick,5,13956.812000000,13122.138000000,20162.387600000,2.204033254,2.181961636,2.254722764
4,4,all,bndmq,5,2500.594000000,2224.698800000,3421.063700000,4.494717446,4.468375023,4.667197211
4,4,all,hash,5,336.891000000,318.349900000,466.399800000,3.022709873,3.015524861,3.070902652
4,4,first,aho_corasick,5,13046.219000000,12931.348300000,16458.609300000,0.822039079,0.758257455,0.850727989
4,4,first,bndmq,5,2235.094000000,2202.016100000,4083.554600000,1.403736072,1.381238538,1.422100736
4,4,first,hash,5,377.406000000,316.110800000,571.819100000,1.005178227,0.984242444,1.027266973
4,8,all,aho_corasick,5,18018.594000000,17104.396600000,22626.559400000,2.393708921,2.354210031,2.419513801
4,8,all,bndmq,5,4292.688000000,4018.393500000,9148.062500000,9.038459949,8.944598234,9.203026199
4,8,all,hash,5,590.469000000,527.506000000,1039.393300000,4.249052280,4.104877489,4.321135102
4,8,first,aho_corasick,5,20647.594000000,18472.918800000,27570.372300000,0.580602601,0.534391800,0.598115856
4,8,first,bndmq,5,4266.375000000,4117.862300000,12907.662500000,1.617785681,1.590538026,1.632779852
4,8,first,hash,5,696.281000000,536.187300000,799.765800000,0.852532079,0.847019741,0.877116965
4,16,all,aho_corasick,5,30294.625000000,25251.506300000,31640.712500000,2.660337429,2.641320152,2.671922926
4,16,all,bndmq,5,7553.438000000,7017.450000000,9733.481700000,17.908268015,17.828437137,18.028381675
4,16,all,hash,5,1305.562000000,886.587000000,1405.674600000,4.645316300,4.632685386,4.848562572
4,16,first,aho_corasick,5,25096.250000000,24350.212500000,34338.518700000,0.372627456,0.371743973,0.398612409
4,16,first,bndmq,5,7227.875000000,7034.750400000,10958.194200000,1.747462281,1.681967183,1.778244703
4,16,first,hash,5,1169.062000000,835.062500000,1554.162500000,0.523507968,0.509288207,0.539365324
4,32,all,aho_corasick,5,38052.375000000,35856.250000000,44593.550000000,3.337809258,3.317587531,3.408106188
4,32,all,hash,5,2151.500000000,1379.162500000,2357.987500000,6.580401357,6.517051227,6.670296696
4,32,first,aho_corasick,5,36518.125000000,34500.287500000,38688.375000000,0.305541396,0.298482992,0.307673663
4,32,first,bndmq,5,11142.125000000,10699.100000000,22219.562500000,1.776309110,1.724191553,1.816620472
4,32,first,hash,5,2068.875000000,1340.262500000,2345.975000000,0.413856259,0.392172591,0.416552976
4,64,all,aho_corasick,5,58661.750000000,56051.600000000,77357.850000000,4.880656565,4.838404645,4.943591019
4,64,all,hash,5,2289.250000000,2058.250000000,3723.725000000,10.398704190,10.342144627,10.448381152
4,64,first,aho_corasick,5,65459.750000000,57020.425000000,73970.375000000,0.246751976,0.244338851,0.250195827
4,64,first,bndmq,5,34384.000000000,33870.350000000,43757.950000000,1.790506806,1.768268759,1.860904730
4,64,first,hash,5,3223.250000000,2017.625000000,3590.425000000,0.328765410,0.314759025,0.345820682
4,128,all,aho_corasick,5,93519.500000000,83197.600000000,109886.500000000,7.776427447,7.668093386,7.840599208
4,128,all,hash,5,4107.500000000,3974.550000000,7575.750000000,10.409273971,10.367722457,10.585248036
4,128,first,aho_corasick,5,103648.500000000,89441.800000000,144206.700000000,0.223753992,0.211914503,0.240050640
4,128,first,bndmq,5,70717.000000000,66289.800000000,87697.000000000,1.771666977,1.754213522,1.819434247
4,128,first,hash,5,3221.000000000,2928.050000000,6139.350000000,0.177338245,0.171107916,0.183826507
4,256,all,aho_corasick,5,142936.000000000,137537.300000000,219418.700000000,7.145091370,7.070378302,7.391076132
4,256,all,hash,5,6954.000000000,6632.000000000,13996.800000000,7.469101062,7.300548441,7.802587035
4,256,first,aho_corasick,5,144049.000000000,135462.300000000,170849.800000000,0.099890960,0.099804260,0.105080378
4,256,first,bndmq,5,33723.000000000,33181.100000000,160749.500000000,1.759237752,1.737952585,1.790481489
4,256,first,hash,5,7043.000000000,6712.100000000,14020.200000000,0.093375213,0.091962691,0.101870010
6,1,all,aho_corasick,5,10322.859000000,9533.762300000,12744.295200000,0.610138722,0.601582471,0.622208104
6,1,all,bndmq,5,698.969000000,668.781700000,2116.640300000,0.839278332,0.832218271,0.844518749
6,1,all,hash,5,271.750000000,214.705000000,350.665600000,2.172336051,2.105064359,2.200926929
6,1,first,aho_corasick,5,10470.766000000,9563.712500000,11469.507600000,0.326218584,0.319792881,0.331903057
6,1,first,bndmq,5,1125.375000000,699.283900000,2065.170000000,0.642208167,0.627803775,0.677647886
6,1,first,hash,5,237.938000000,198.797200000,325.717100000,1.360894026,1.342979524,1.376550965
6,2,all,aho_corasick,5,11586.922000000,11290.706400000,12138.872200000,5.240613541,5.205907137,5.345227486
6,2,all,bndmq,5,1271.891000000,1200.703200000,1683.651900000,1.631233632,1.587025159,1.703467603
6,2,all,hash,5,380.703000000,288.004900000,579.188900000,2.130969956,2.057243535,2.140222418
6,2,first,aho_corasick,5,14039.000000000,11446.342400000,21182.856100000,3.808363539,3.627529226,3.849939380
6,2,first,bndmq,5,1270.016000000,1212.663700000,1565.140900000,1.210149501,1.150556484,1.219883712
6,2,first,hash,5,313.547000000,287.860900000,432.755000000,1.459706658,1.403795233,1.544238018
6,4,all,aho_corasick,5,15696.484000000,14804.990300000,17426.225200000,2.111069883,2.056817992,2.172119017
6,4,all,bndmq,5,2656.047000000,2499.936200000,3073.915300000,3.162744709,3.079323352,3.179324467
6,4,all,hash,5,368.812000000,364.079800000,569.482900000,2.254524651,2.226410101,2.359365527
6,4,first,aho_corasick,5,15393.547000000,14923.922200000,20385.830800000,1.440979515,1.420132659,1.489315144
6,4,first,bndmq,5,2580.297000000,2356.745500000,3208.014100000,2.308476205,2.290675436,2.353551328
6,4,first,hash,5,380.406000000,348.596800000,499.823800000,1.539689990,1.510266289,1.574905964
6,8,all,aho_corasick,5,21702.375000000,21031.877900000,22720.277700000,2.157313796,2.108225634,2.208438119
6,8,all,bndmq,5,4309.594000000,4223.075000000,5586.477900000,6.209769177,6.043774926,6.341384713
6,8,all,hash,5,788.656000000,540.249800000,806.405800000,2.644519345,2.607824001,2.677305850
6,8,first,aho_corasick,5,22745.594000000,20547.059200000,27000.494000000,1.385414117,1.370086708,1.404518596
6,8,first,bndmq,5,4572.594000000,4376.352900000,5263.231000000,4.075650159,3.949755241,4.235702016
6,8,first,hash,5,604.562000000,547.540400000,816.959600000,1.719091969,1.661310756,1.758797553
6,16,all,aho_corasick,5,32528.812000000,31864.437500000,38831.137500000,2.163400701,2.112422157,2.191468673
6,16,all,bndmq,5,8151.500000000,7610.818300000,10591.356200000,12.045062618,11.907994516,12.087060697
6,16,all,hash,5,1403.875000000,859.325000000,1869.919200000,2.804732769,2.701367054,2.847692174
6,16,first,aho_corasick,5,31763.000000000,31674.012000000,41885.499600000,1.300214813,1.256396573,1.329730292
6,16,first,bndmq,5,8478.312000000,7416.893300000,15223.581300000,7.203765390,7.124898196,7.236602666
6,16,first,hash,5,1225.438000000,843.437500000,1770.393300000,1.516516851,1.502580861,1.589047738
6,32,all,aho_corasick,5,56251.250000000,52654.450000000,65095.712500000,2.207669929,2.192970405,2.304018950
6,32,all,hash,5,1775.750000000,1609.150000000,2571.012500000,2.818082985,2.803304341,2.887618844
6,32,first,aho_corasick,5,57109.125000000,52541.437500000,68643.975000000,1.161268290,1.078767862,1.212982446
6,32,first,bndmq,5,12211.500000000,11294.900000000,18979.575000000,11.495572965,11.315613323,11.669504392
6,32,first,hash,5,1603.000000000,1470.625000000,2211.875000000,1.305626645,1.281924257,1.325747446
6,64,all,aho_corasick,5,89915.000000000,86265.000000000,106197.775000000,2.265106449,2.208115617,2.293756104
6,64,all,hash,5,2585.000000000,2387.250000000,3547.925000000,2.974682473,2.960875593,3.027656577
6,64,first,aho_corasick,5,87691.250000000,86018.200000000,101519.475000000,0.875643185,0.828143231,0.882010901
6,64,first,bndmq,5,37465.000000000,36409.100000000,51403.925000000,16.216381929,15.953455780,16.776201813
6,64,first,hash,5,2332.000000000,2194.550000000,3563.225000000,1.031351949,1.020271635,1.051787752
6,128,all,aho_corasick,5,156587.500000000,143563.250000000,180978.150000000,2.216370457,2.192535235,2.219373736
6,128,all,hash,5,4112.500000000,3760.000000000,7501.800000000,3.528086064,3.471836905,3.570130746
6,128,first,aho_corasick,5,147555.500000000,143413.550000000,168160.000000000,0.610916318,0.605715143,0.639652050
6,128,first,bndmq,5,67266.000000000,65493.750000000,81861.100000000,18.849748851,18.764980804,19.219627610
6,128,first,hash,5,4223.000000000,3699.100000000,7418.750000000,0.692183136,0.667848730,0.723078341
6,256,all,aho_corasick,5,271126.000000000,251656.200000000,458990.300000000,3.079183492,3.023624214,3.146356016
6,256,all,hash,5,6852.000000000,6385.000000000,12419.900000000,4.562630685,4.491076697,4.593713869
6,256,first,aho_corasick,5,284219.000000000,244278.500000000,309961.600000000,0.464918360,0.456258859,0.517885917
6,256,first,hash,5,9357.000000000,6778.100000000,13916.300000000,0.520144130,0.503106539,0.540147118
6,1000,all,aho_corasick,5,749789.000000000,732101.000000000,933526.100000000,5.824939370,5.785759253,6.108140331
6,1000,all,hash,5,15890.000000000,15588.100000000,38020.500000000,10.749247012,10.635418374,10.799246010
6,1000,first,aho_corasick,5,744078.000000000,718428.900000000,903460.100000000,0.345515019,0.332974208,0.358696783
6,1000,first,hash,5,20398.000000000,15653.000000000,33747.600000000,0.381899006,0.368764414,0.406536355
8,1,all,aho_corasick,5,10335.078000000,9855.989300000,11503.735900000,0.583188092,0.578636417,0.587231388
8,1,all,bndmq,5,645.109000000,643.673200000,1190.644100000,0.581728829,0.543298237,0.595390917
8,1,all,hash,5,234.500000000,206.129700000,331.309600000,1.966769044,1.924236661,1.982692220
8,1,first,aho_corasick,5,10431.641000000,9991.094900000,12363.725000000,0.323724493,0.320948665,0.331287863
8,1,first,bndmq,5,675.625000000,591.867500000,1102.427700000,0.445114905,0.422114376,0.455327610
8,1,first,hash,5,255.641000000,216.412500000,301.373300000,1.368641734,1.347011634,1.431191399
8,2,all,aho_corasick,5,12389.047000000,12199.974800000,14464.548400000,5.384240337,5.328812681,5.448889697
8,2,all,bndmq,5,1156.547000000,1139.048200000,1570.730000000,1.091488220,1.084020556,1.181688848
8,2,all,hash,5,394.016000000,292.971500000,493.625400000,2.074521701,2.048421760,2.131918403
8,2,first,aho_corasick,5,12573.000000000,12343.401600000,13851.014500000,3.897509029,3.778817375,3.961967945
8,2,first,bndmq,5,1284.891000000,1187.732900000,1692.907600000,0.796139444,0.784245476,0.829983057
8,2,first,hash,5,315.125000000,269.706000000,372.746500000,1.425454312,1.401945089,1.493134937
8,4,all,aho_corasick,5,18291.297000000,16894.361200000,20551.375200000,2.091624752,1.977109739,2.117094653
8,4,all,bndmq,5,2368.953000000,2214.884300000,3876.972300000,2.028092454,1.997460501,2.048502416
8,4,all,hash,5,500.922000000,397.862300000,549.070200000,2.221129325,2.197308056,2.256741325
8,4,first,aho_corasick,5,17440.031000000,16477.937600000,20830.847200000,1.526275217,1.505726524,1.602070890
8,4,first,bndmq,5,2399.156000000,2174.959600000,3092.240600000,1.510684222,1.483272556,1.551248929
8,4,first,hash,5,537.266000000,392.177000000,593.427800000,1.572228795,1.529446983,1.619375477
8,8,all,aho_corasick,5,29966.250000000,24939.296400000,32470.265800000,2.091001458,1.955073448,2.167960776
8,8,all,bndmq,5,4482.156000000,4330.025200000,5412.009100000,3.994720859,3.965407109,4.114232095
8,8,all,hash,5,554.781000000,524.975200000,827.271600000,2.608201588,2.521977891,2.657744377
8,8,first,aho_corasick,5,24456.594000000,24055.608900000,29666.115400000,1.512927696,1.503243731,1.543376445
8,8,first,bndmq,5,4418.844000000,4314.256500000,5449.881300000,2.903948114,2.863422009,2.929211657
8,8,first,hash,5,612.062000000,574.252700000,821.252700000,1.792818090,1.764682261,1.816271003
8,16,all,aho_corasick,5,41688.438000000,38692.612500000,46221.987500000,2.061366016,1.983829067,2.239132974
8,16,all,bndmq,5,8380.000000000,7250.018800000,10528.693800000,7.915238172,7.681544870,8.036388091
8,16,all,hash,5,988.125000000,954.887500000,1999.800000000,2.593685272,2.579717783,2.637715883
8,16,first,aho_corasick,5,46169.250000000,39884.844200000,51624.931200000,1.576396645,1.533564227,1.622592422
8,16,first,bndmq,5,7175.312000000,6923.725000000,10773.888000000,5.749445178,5.679973653,5.835498794
8,16,first,hash,5,973.062000000,817.825400000,1239.880800000,1.817569438,1.775979932,1.830059684
8,32,all,aho_corasick,5,73060.000000000,69707.712500000,84131.900000000,2.130557536,2.098175554,2.158511636
8,32,all,bndmq,5,12533.375000000,10721.950000000,28331.412500000,15.539447454,15.483914385,15.870674999
8,32,all,hash,5,1735.625000000,1558.137500000,3416.550000000,2.624862481,2.563884191,2.646028658
8,32,first,aho_corasick,5,69351.875000000,67968.437500000,80643.037500000,1.579251706,1.555057522,1.585519568
8,32,first,bndmq,5,11228.375000000,10618.112500000,18258.412500000,10.931011852,10.850100103,11.109093806
8,32,first,hash,5,2157.875000000,1736.375000000,2699.600000000,1.808479662,1.730220122,1.862215216
8,64,all,aho_corasick,5,124810.250000000,115004.975000000,178735.950000000,2.078909599,1.967877302,2.121341423
8,64,all,hash,5,2700.000000000,2516.250000000,4651.850000000,2.830948182,2.814832927,2.929591165
8,64,first,aho_corasick,5,124795.250000000,116412.450000000,142235.825000000,1.601105651,1.537069769,1.662422743
8,64,first,hash,5,2432.000000000,2257.800000000,4205.125000000,1.954122237,1.901944643,2.023651791
8,128,all,aho_corasick,5,231772.000000000,205448.050000000,319767.700000000,2.182124576,2.147759370,2.281767718
8,128,all,hash,5,4478.000000000,3834.650000000,7242.850000000,2.689494321,2.629236726,2.719745898
8,128,first,aho_corasick,5,217696.000000000,201251.750000000,264946.150000000,1.573799132,1.532732062,1.623309421
8,128,first,hash,5,4463.500000000,4247.050000000,9567.050000000,1.659534481,1.643025634,1.949903074
8,256,all,aho_corasick,5,386301.000000000,367001.500000000,446602.500000000,2.445011640,2.422422262,2.521133596
8,256,all,hash,5,9107.000000000,8171.100000000,13413.400000000,2.658551083,2.655604543,2.707873040
8,256,first,aho_corasick,5,413712.000000000,378077.600000000,476423.400000000,1.493637803,1.453638119,1.515401539
8,256,first,hash,5,7764.000000000,7191.000000000,17598.700000000,1.509459751,1.495038075,1.553723444
8,1000,all,aho_corasick,5,1268748.000000000,1224749.800000000,1436981.000000000,3.411066248,3.348765015,3.438327559
8,1000,all,hash,5,17173.000000000,16618.100000000,62297.200000000,2.987390375,2.983660121,3.021681597
8,1000,first,aho_corasick,5,1435819.000000000,1252193.400000000,1662474.900000000,1.300265729,1.289139324,1.318625685
8,1000,first,hash,5,17432.000000000,16831.100000000,50045.800000000,1.002894504,0.976239849,1.074165963
8,10000,all,aho_corasick,5,10209007.000000000,9233064.800000001,10646507.900000000,13.781846196,13.554829496,13.962777992
8,10000,all,hash,5,142617.000000000,136688.100000000,353223.700000000,8.880632449,8.785155787,8.969587718
8,10000,first,aho_corasick,5,9393029.000000000,9002357.400000000,10226480.000000000,0.939056072,0.919866045,0.977229033
8,10000,first,hash,5,137917.000000000,134900.300000000,311473.300000000,0.487661185,0.483805409,0.502803210
10,1,all,aho_corasick,5,11300.453000000,10605.778200000,12694.174800000,0.588925877,0.582227437,0.606546090
10,1,all,bndmq,5,727.750000000,680.441800000,1153.250200000,0.452585219,0.440015940,0.466660595
10,1,all,hash,5,242.812000000,226.046500000,405.018400000,2.028602619,1.985088018,2.128506170
10,1,first,aho_corasick,5,10734.875000000,10239.312500000,11149.234300000,0.336655858,0.331681366,0.341567053
10,1,first,bndmq,5,650.281000000,629.204300000,1244.996600000,0.351240931,0.342307697,0.363456185
10,1,first,hash,5,276.609000000,214.470500000,344.520100000,1.389755371,1.381928301,1.460809374
10,2,all,aho_corasick,5,13871.672000000,12990.492500000,17093.159700000,5.657071485,5.605053971,5.772307647
10,2,all,bndmq,5,1382.109000000,1288.351400000,2096.587300000,0.867710633,0.862031579,0.882798363
10,2,all,hash,5,329.062000000,310.300100000,433.537300000,2.108715184,2.017825366,2.144450816
10,2,first,aho_corasick,5,15888.391000000,13203.490800000,17425.425200000,4.042653390,3.970640076,4.157872202
10,2,first,bndmq,5,1308.547000000,1263.820800000,1911.599700000,0.645306021,0.636672821,0.661235036
10,2,first,hash,5,309.953000000,290.345700000,560.747000000,1.429413185,1.407693470,1.497352792
10,4,all,aho_corasick,5,19652.906000000,18254.367000000,22963.909600000,2.182611386,2.076207369,2.258968374
10,4,all,bndmq,5,2523.609000000,2391.960600000,3056.955900000,1.607419600,1.582024453,1.641191579
10,4,all,hash,5,505.156000000,399.923900000,704.292200000,2.223626286,2.209666525,2.238699748
10,4,first,aho_corasick,5,18552.891000000,18029.472300000,22014.810600000,1.516032618,1.501196358,1.526169477
10,4,first,bndmq,5,2398.391000000,2388.188800000,3454.434700000,1.163730872,1.140459949,1.188541179
10,4,first,hash,5,507.969000000,423.107500000,551.634300000,1.545452832,1.522689107,1.603157155
10,8,all,aho_corasick,5,29407.688000000,27774.968500000,30999.584800000,2.179188046,2.111748951,2.233201482
10,8,all,bndmq,5,5354.344000000,4309.521600000,5878.187500000,3.052214219,3.023338353,3.070828663
10,8,all,hash,5,566.375000000,543.378400000,978.725200000,2.557743092,2.536201088,2.596699692
10,8,first,aho_corasick,5,34448.688000000,28274.853100000,37253.047100000,1.584817616,1.538605689,1.611482038
10,8,first,bndmq,5,4721.000000000,4433.440900000,5769.693700000,2.247436772,2.235716293,2.259200930
10,8,first,hash,5,590.469000000,550.625200000,871.175000000,1.832028035,1.764350862,1.869035965
10,16,all,aho_corasick,5,45794.188000000,44763.975000000,49236.556700000,2.085392667,1.985630944,2.153207377
10,16,all,bndmq,5,7946.062000000,7033.793300000,25496.162000000,5.927931926,5.858576905,6.035932731
10,16,all,hash,5,994.375000000,866.199600000,1310.237500000,2.595773645,2.547037379,2.616470338
10,16,first,aho_corasick,5,44662.125000000,44430.912500000,57465.413000000,1.520749396,1.514907246,1.576056883
10,16,first,bndmq,5,7461.438000000,7323.575400000,9721.331300000,4.354989440,4.305493627,4.372567513
10,16,first,hash,5,961.125000000,898.075000000,1671.612500000,1.804272453,1.796113863,1.842095070
10,32,all,aho_corasick,5,89514.500000000,79021.250000000,113815.175000000,2.128533612,2.108639281,2.172130017
10,32,all,bndmq,5,12360.625000000,11339.175000000,18797.875000000,11.719854671,11.507766892,11.958353961
10,32,all,hash,5,1704.375000000,1617.275000000,3421.775000000,2.615446806,2.516251013,2.674640078
10,32,first,aho_corasick,5,84991.000000000,80751.587500000,99042.425000000,1.550509636,1.531593585,1.573972895
10,32,first,bndmq,5,11658.000000000,11048.275000000,18519.450000000,8.383777680,8.319886848,8.613105512
10,32,first,hash,5,1769.500000000,1591.012500000,2744.987500000,1.836596857,1.770907460,1.901232629
10,64,all,aho_corasick,5,178443.000000000,147013.975000000,196300.600000000,2.185397907,2.160095719,2.259877897
10,64,all,hash,5,2569.750000000,2246.800000000,3676.175000000,2.550217898,2.495040255,2.613592482
10,64,first,aho_corasick,5,153626.500000000,144070.825000000,186518.250000000,1.567082043,1.548992488,1.617857575
10,64,first,bndmq,5,42148.500000000,35783.500000000,49892.675000000,16.879454664,16.854297299,17.110829509
10,64,first,hash,5,2607.250000000,2403.275000000,4511.550000000,1.811822565,1.754011532,1.848489206
10,128,all,aho_corasick,5,295311.000000000,270234.550000000,346508.600000000,2.295914558,2.243651011,2.331340105
10,128,all,hash,5,5435.000000000,4593.550000000,10039.200000000,2.635088620,2.483572939,3.089889063
10,128,first,aho_corasick,5,274697.500000000,268294.000000000,331032.150000000,1.657596455,1.640672440,1.692785510
10,128,first,hash,5,4503.500000000,4426.050000000,10719.850000000,1.927772894,1.872096286,2.447726773
10,256,all,aho_corasick,5,643691.000000000,506881.100000000,685454.400000000,2.460909368,2.442574644,2.484098879
10,256,all,hash,5,13365.000000000,7375.000000000,14897.900000000,2.588326613,2.538306313,2.642495681
10,256,first,aho_corasick,5,513838.000000000,495179.000000000,804300.500000000,1.799527121,1.788830257,1.829287502
10,256,first,hash,5,9548.000000000,8167.300000000,310416.200000000,1.902798174,1.859865993,1.914305591
10,1000,all,aho_corasick,5,1951410.000000000,1784773.700000000,2681545.400000000,3.466533017,3.077460804,3.642720645
10,1000,all,hash,5,18264.000000000,18180.900000000,31982.800000000,2.540096330,2.514067988,2.565781263
10,1000,first,aho_corasick,5,1923107.000000000,1784673.200000000,2251628.800000000,2.513356733,2.471223755,2.606374283
10,1000,first,hash,5,21039.000000000,18788.100000000,34807.200000000,1.782760314,1.754057521,1.812067366
10,10000,all,aho_corasick,5,17441790.000000000,16243488.800000001,18657677.500000000,9.259677411,9.168772160,9.421576141
10,10000,all,hash,5,161752.000000000,159695.100000000,332583.200000000,3.334555901,3.319205948,3.401077418
10,10000,first,aho_corasick,5,17281491.000000000,16939851.800000001,17541480.899999999,4.329813520,4.313173598,4.494304919
10,10000,first,hash,5,163405.000000000,153046.300000000,309940.800000000,1.507436885,1.472451395,1.555528264
10,100000,all,hash,5,2112511.000000000,1782757.100000000,3507076.700000000,10.037019936,9.978787523,10.322675897
10,100000,first,aho_corasick,5,138620726.000000000,134708626.699999988,141783314.199999988,3.226728317,2.876291868,3.708978811
10,100000,first,hash,5,1840614.000000000,1803618.800000000,3519092.700000000,0.820259659,0.803999220,0.845261536
10,1000000,first,aho_corasick,5,1063164725.000000000,1030803438.399999976,1165231644.799999952,3.286507547,3.252515669,3.302196223
10,1000000,first,hash,5,55719172.000000000,54316745.300000004,58562698.100000001,0.763526533,0.687048190,0.765875069
12,1,all,aho_corasick,5,12351.344000000,10986.602900000,22483.844000000,0.620782160,0.604731608,0.645027074
12,1,all,bndmq,5,569.812000000,512.392000000,1033.389300000,0.391082051,0.375905381,0.394320750
12,1,all,hash,5,238.422000000,208.189300000,310.371600000,2.016081222,1.986661524,2.218141484
12,1,first,aho_corasick,5,13308.891000000,10957.431700000,14314.089200000,0.354852749,0.333680676,0.369874844
12,1,first,bndmq,5,676.109000000,664.001700000,1074.590300000,0.314658334,0.306830173,0.335709522
12,1,first,hash,5,233.562000000,203.344100000,410.002800000,1.421989305,1.362471933,1.473692374
12,2,all,aho_corasick,5,14236.094000000,13801.251100000,16918.350000000,5.694544608,5.615318608,5.818233848
12,2,all,bndmq,5,1290.703000000,1275.470100000,1883.542000000,0.687609276,0.676504998,0.810135247
12,2,all,hash,5,313.078000000,304.250100000,424.350400000,2.050897505,2.038565578,2.131205399
12,2,first,aho_corasick,5,14043.531000000,13848.118900000,17173.075200000,4.096660637,4.086795933,4.171987166
12,2,first,bndmq,5,1368.641000000,1253.704800000,2415.273300000,0.525933710,0.519689639,0.532911767
12,2,first,hash,5,318.703000000,293.112500000,402.413800000,1.495469700,1.437974331,1.584625018
12,4,all,aho_corasick,5,19761.391000000,19381.923900000,23128.013600000,2.159489115,2.122971910,2.198853959
12,4,all,bndmq,5,2579.969000000,2497.182500000,3199.244000000,1.249408166,1.241972690,1.296542670
12,4,all,hash,5,476.031000000,370.848700000,563.050300000,2.241709411,2.193038179,2.292528719
12,4,first,aho_corasick,5,21051.781000000,19763.821500000,23647.915500000,1.556630461,1.538869911,1.594406592
12,4,first,bndmq,5,2361.438000000,2241.512600000,3098.555100000,0.957473423,0.937008595,0.988016212
12,4,first,hash,5,497.328000000,367.833000000,605.591700000,1.570114805,1.532941569,1.577816566
12,8,all,aho_corasick,5,36983.344000000,31244.844000000,42786.718500000,2.089914253,2.041796922,2.168885540
12,8,all,bndmq,5,4528.125000000,4332.365600000,5502.609400000,2.433334303,2.389081234,2.486678562
12,8,all,hash,5,571.969000000,556.875000000,790.244000000,2.565987548,2.533048901,2.607626588
12,8,first,aho_corasick,5,31303.438000000,30676.803100000,43804.834600000,1.570447476,1.525094400,1.592901829
12,8,first,bndmq,5,5013.406000000,4552.687500000,5715.297100000,1.802647875,1.764015320,1.820676893
12,8,first,hash,5,654.969000000,575.446900000,1158.422100000,1.776753274,1.769702076,1.814225337
12,16,all,aho_corasick,5,53885.500000000,52088.038000000,66533.218800000,2.037412723,1.981261346,2.095454137
12,16,all,bndmq,5,8373.062000000,7923.469200000,15935.668700000,4.575238342,4.518676223,4.835089608
12,16,all,hash,5,1121.500000000,926.093300000,1527.168300000,2.535950350,2.441931023,2.582778756
12,16,first,aho_corasick,5,52683.938000000,52409.237500000,64845.419200000,1.524115648,1.515006290,1.586993821
12,16,first,bndmq,5,8439.500000000,7739.088000000,11925.762000000,3.508502058,3.445314311,3.530158512
12,16,first,hash,5,1159.688000000,947.768800000,1512.656300000,1.783988842,1.764908781,1.847595344
12,32,all,aho_corasick,5,104277.125000000,99096.862500000,144635.425000000,2.141461288,2.104386557,2.215113595
12,32,all,bndmq,5,11827.125000000,11567.762500000,18741.487500000,8.879691832,8.843871911,9.238387351
12,32,all,hash,5,2371.875000000,1752.375000000,2650.587500000,2.548134555,2.489642927,2.588358020
12,32,first,aho_corasick,5,103634.500000000,95492.712500000,122869.600000000,1.567136143,1.535745941,1.616226645
12,32,first,bndmq,5,11234.750000000,10834.187500000,18038.362500000,6.794438254,6.731584258,6.905851256
12,32,first,hash,5,1718.250000000,1607.125000000,2361.250000000,1.775378937,1.749792292,1.843215113
12,64,all,aho_corasick,5,200544.250000000,168918.400000000,274709.450000000,2.168903169,2.152607428,2.245827916
12,64,all,bndmq,5,42088.500000000,36779.650000000,52545.325000000,17.568546412,17.423121152,18.131269467
12,64,all,hash,5,2627.250000000,2527.525000000,3522.725000000,2.454304946,2.432445177,2.538202028
12,64,first,aho_corasick,5,224130.500000000,169707.575000000,262531.100000000,1.614543864,1.578141069,1.627368092
12,64,first,bndmq,5,42962.750000000,37439.850000000,50900.000000000,13.378276434,13.183977358,13.494668745
12,64,first,hash,5,2647.500000000,2556.300000000,14167.925000000,1.894328505,1.799437126,1.913258996
12,128,all,aho_corasick,5,344132.500000000,330134.300000000,427253.100000000,2.295271259,2.242376689,2.326609637
12,128,all,hash,5,4733.500000000,4570.550000000,7470.250000000,2.603469433,2.541605677,2.629123463
12,128,first,aho_corasick,5,352993.500000000,336633.550000000,400767.150000000,1.678238484,1.657638224,1.780916086
12,128,first,hash,5,4819.000000000,4605.000000000,7046.400000000,1.877913604,1.827615435,1.892025703
12,256,all,aho_corasick,5,682142.000000000,642597.600000000,1000327.900000000,2.521350607,2.468477548,2.535885491
12,256,all,hash,5,8537.000000000,7610.100000000,15712.900000000,2.760308819,2.542459954,2.844449509
12,256,first,aho_corasick,5,793130.000000000,655833.100000000,944037.700000000,1.900619339,1.828376640,1.933823943
12,256,first,hash,5,7974.000000000,7570.100000000,13953.400000000,1.897558995,1.843690671,1.947936316
12,1000,all,aho_corasick,5,2651828.000000000,2452655.900000000,2840225.300000000,3.706826736,3.696005467,3.846566618
12,1000,all,hash,5,23434.000000000,19376.000000000,42215.800000000,2.533047084,2.498295793,2.640921166
12,1000,first,aho_corasick,5,2556961.000000000,2324161.200000000,3093322.800000000,3.155929708,2.880116907,3.188306692
12,1000,first,hash,5,19507.000000000,19306.200000000,37785.800000000,1.858509743,1.752886949,1.874940448
12,10000,all,aho_corasick,5,24575068.000000000,23196511.500000000,28714133.500000000,9.080985938,8.995511304,9.394073576
12,10000,all,hash,5,170137.000000000,163606.100000000,471158.600000000,3.095760938,3.040851847,3.164421041
12,10000,first,aho_corasick,5,25581384.000000000,23260557.400000002,27251891.800000001,6.664271911,6.534607389,6.913811641
12,10000,first,hash,5,181118.000000000,160804.300000000,301135.600000000,2.232521215,2.153093904,2.388332150
12,100000,all,hash,5,2149220.000000000,1924612.500000000,5631478.600000000,6.041999866,5.837676349,6.271139898
12,100000,first,aho_corasick,5,261192330.000000000,226011702.800000012,285337301.699999988,13.347334725,12.753008193,15.753974771
12,100000,first,hash,5,2448909.000000000,1955102.000000000,4118071.200000000,3.594878300,3.490366859,3.785046460
12,1000000,all,hash,5,46974177.000000000,45154717.600000001,57381284.899999999,15.398482383,15.123911022,15.923938462
12,1000000,first,hash,5,50493358.000000000,49667902.900000006,54009790.600000001,2.574498441,2.405196893,2.630516447
16,1,all,aho_corasick,5,13132.312000000,11409.639500000,14197.406700000,0.613281360,0.601194827,0.632229859
16,1,all,bndmq,5,735.891000000,696.631100000,1165.265800000,0.322459985,0.308606861,0.331666220
16,1,all,hash,5,265.328000000,240.815500000,328.326700000,1.993715434,1.952674438,2.134083340
16,1,first,aho_corasick,5,12561.875000000,11873.682400000,14737.842300000,0.323976821,0.321659696,0.340364547
16,1,first,bndmq,5,676.594000000,656.699800000,1202.161000000,0.268214649,0.260169462,0.276773785
16,1,first,hash,5,234.500000000,201.485500000,330.571600000,1.409598641,1.389605081,1.502880265
16,2,all,aho_corasick,5,16633.219000000,15737.673000000,19638.465800000,5.685196945,5.651007077,5.734104735
16,2,all,bndmq,5,1298.984000000,1271.596900000,2053.599700000,0.579838531,0.551388118,0.594730871
16,2,all,hash,5,342.203000000,301.471900000,515.160700000,2.069659284,2.011115668,2.097561236
16,2,first,aho_corasick,5,18442.219000000,17562.037500000,22618.517100000,4.318092004,4.299433584,4.413512887
16,2,first,bndmq,5,1359.578000000,1236.976800000,1780.826800000,0.444124832,0.440563377,0.447298357
16,2,first,hash,5,327.969000000,294.375300000,446.866700000,1.442935414,1.435519781,1.462422681
16,4,all,aho_corasick,5,23617.500000000,22719.812600000,29391.451400000,2.161155562,2.094439518,2.165652479
16,4,all,bndmq,5,2404.188000000,2275.473400000,3579.265700000,1.038718654,1.022800614,1.045827333
16,4,all,hash,5,469.469000000,358.082900000,689.848700000,2.153113891,2.126415696,3.197181120
16,4,first,aho_corasick,5,23486.312000000,22574.168600000,28899.520000000,1.563162035,1.547682776,1.653849117
16,4,first,bndmq,5,2438.453000000,2381.274800000,2953.025200000,0.808775317,0.800791270,0.821170756
16,4,first,hash,5,482.156000000,431.865600000,557.693900000,1.580151001,1.562357167,1.597080997
16,8,all,aho_corasick,5,39978.938000000,36795.108900000,42146.781300000,2.111738384,2.083214283,2.199140422
16,8,all,bndmq,5,4278.906000000,4172.549600000,6540.022100000,1.924851265,1.895741326,1.946154098
16,8,all,hash,5,742.000000000,590.297300000,848.765400000,2.441985456,2.387690857,2.498224013
16,8,first,aho_corasick,5,40914.438000000,37754.375000000,43944.737500000,1.601160263,1.570072466,1.643299228
16,8,first,bndmq,5,4625.156000000,4411.128400000,5833.294000000,1.467245288,1.452056197,1.525868769
16,8,first,hash,5,653.094000000,597.321900000,979.625400000,1.784320412,1.762954886,1.886006833
16,16,all,aho_corasick,5,65331.250000000,64722.980800000,88252.069200000,2.072576618,1.981946780,2.145378346
16,16,all,bndmq,5,7393.188000000,7252.587000000,10627.587500000,3.752095483,3.684427471,3.886841327
16,16,all,hash,5,1085.188000000,995.375000000,1681.250400000,2.483810118,2.474379816,2.526579894
16,16,first,aho_corasick,5,69823.375000000,64803.181700000,86458.568800000,1.631677646,1.553145008,1.638393216
16,16,first,bndmq,5,8414.438000000,8279.138000000,12053.493300000,2.831726245,2.786297799,2.861614243
16,16,first,hash,5,1373.125000000,955.337500000,6948.330800000,1.841159233,1.771340291,1.897496142
16,32,all,aho_corasick,5,130184.125000000,124290.737500000,154179.525000000,2.150076839,2.129227793,2.213318498
16,32,all,bndmq,5,11592.875000000,11005.275000000,19406.462500000,7.144684813,7.057491328,7.283427406
16,32,all,hash,5,2284.250000000,1798.762500000,3339.550000000,2.473016986,2.464889877,2.512825779
16,32,first,aho_corasick,5,134234.250000000,122050.212500000,155107.512500000,1.568448232,1.555998406,1.576576313
16,32,first,bndmq,5,12065.000000000,11414.175000000,18535.937500000,5.451814545,5.428612809,5.492182928
16,32,first,hash,5,2428.375000000,1724.387500000,3258.400000000,1.786267860,1.727969973,1.789690691
16,64,all,aho_corasick,5,237838.750000000,236364.300000000,333724.875000000,2.250567815,2.203802871,2.274795531
16,64,all,bndmq,5,40305.500000000,37801.425000000,49425.500000000,14.200793234,14.112189571,14.423481672
16,64,all,hash,5,2875.250000000,2696.250000000,4196.725000000,2.446744606,2.398128863,2.452655206
16,64,first,aho_corasick,5,282497.000000000,238190.350000000,332451.650000000,1.630306788,1.601938101,1.677680072
16,64,first,bndmq,5,47718.750000000,35977.975000000,49668.600000000,10.633263744,10.502074382,10.685462913
16,64,first,hash,5,3449.250000000,2768.000000000,5346.475000000,1.800122259,1.788148984,1.858373584
16,128,all,aho_corasick,5,462598.500000000,451156.750000000,481660.200000000,2.318956402,2.288455031,2.335738460
16,128,all,hash,5,5275.000000000,5035.550000000,7778.850000000,2.467778294,2.438956410,2.492584359
16,128,first,aho_corasick,5,474064.500000000,458634.700000000,547125.350000000,1.741712227,1.731796347,1.766336598
16,128,first,hash,5,5485.000000000,5238.500000000,8200.950000000,1.799223652,1.749565533,1.848107896
16,256,all,aho_corasick,5,963798.000000000,844478.200000000,1040489.100000000,2.561105258,2.511464059,2.583174700
16,256,all,hash,5,8626.000000000,8081.200000000,15161.800000000,2.538624213,2.495168379,2.623942047
16,256,first,aho_corasick,5,857620.000000000,832574.400000000,1087738.800000000,1.998991572,1.879839254,2.010928714
16,256,first,hash,5,8796.000000000,8238.100000000,13525.800000000,1.787760134,1.757093637,1.809657392
16,1000,all,aho_corasick,5,3567005.000000000,3360086.700000000,4636459.300000000,4.137526505,3.941084218,4.205856722
16,1000,all,hash,5,22161.000000000,21433.100000000,54019.000000000,2.443600683,2.437716560,2.534054188
16,1000,first,aho_corasick,5,3673503.000000000,3357180.600000000,4145047.900000000,3.202801804,3.140678454,3.225151950
16,1000,first,hash,5,26389.000000000,21371.100000000,37838.600000000,1.747661505,1.731646635,1.803788201
16,10000,all,aho_corasick,5,42684053.000000000,37804851.000000000,44043032.100000001,9.174269081,8.878987420,9.436660051
16,10000,all,hash,5,187600.000000000,185926.200000000,409795.000000000,3.107451665,3.008114414,3.144126549
16,10000,first,aho_corasick,5,39550717.000000000,37640125.200000003,40198609.300000004,6.898215654,6.802872529,6.983628589
16,10000,first,hash,5,198299.000000000,189376.100000000,384069.300000000,2.198776812,2.177646393,2.275716399
16,100000,all,hash,5,2325577.000000000,2142401.000000000,3862639.900000000,5.750522199,5.312549200,6.186622837
16,100000,first,hash,5,2477493.000000000,2171382.700000000,3635643.800000000,4.305287949,4.215991996,4.713495044
16,1000000,all,hash,5,51199870.000000000,47628135.000000007,72595537.900000006,7.213745203,6.993683069,7.382993243
16,1000000,first,hash,5,50449707.000000000,47793610.299999997,65684990.899999999,6.145845288,6.003915450,6.279830157
20,1,all,aho_corasick,5,13344.891000000,12269.937600000,16375.795200000,0.601849533,0.595301465,0.618068631
20,1,all,bndmq,5,655.453000000,591.636400000,1099.338900000,0.278678929,0.273636965,0.291635657
20,1,all,hash,5,220.266000000,206.050000000,373.465800000,1.885338587,1.860079757,1.907415299
20,1,first,aho_corasick,5,12595.688000000,12364.776800000,17266.398200000,0.313845198,0.310340267,0.331924040
20,1,first,bndmq,5,726.359000000,643.825200000,1154.582900000,0.245319829,0.244030286,0.253375057
20,1,first,hash,5,240.922000000,210.877800000,450.946400000,1.331737408,1.329258530,1.358887543
20,2,all,aho_corasick,5,18746.688000000,17005.214100000,22802.229500000,5.862266330,5.680840165,6.620215877
20,2,all,bndmq,5,1392.750000000,1364.988700000,2035.407600000,0.460244949,0.453386457,0.475390973
20,2,all,hash,5,349.094000000,264.107800000,468.495500000,1.995596204,1.937968126,2.003229092
20,2,first,aho_corasick,5,18229.016000000,16882.493600000,19601.379600000,4.298092274,4.214626554,4.431057531
20,2,first,bndmq,5,1397.297000000,1331.037400000,1802.259000000,0.371407410,0.369376520,0.374778799
20,2,first,hash,5,314.188000000,292.345800000,404.328100000,1.390103957,1.365000556,1.396072724
20,4,all,aho_corasick,5,27002.406000000,26130.174700000,28357.220600000,2.179455230,2.118914772,2.208681895
20,4,all,bndmq,5,2600.312000000,2364.953000000,2993.649800000,0.810284544,0.806095648,0.851001413
20,4,all,hash,5,555.406000000,432.720300000,645.736200000,2.110311160,2.089654205,2.158478638
20,4,first,aho_corasick,5,26030.438000000,25506.748800000,31576.075300000,1.595771371,1.587116719,1.631366687
20,4,first,bndmq,5,2735.422000000,2579.121500000,3438.913900000,0.649856258,0.629925436,0.675553406
20,4,first,hash,5,563.234000000,432.129300000,628.001800000,1.533751400,1.508276904,1.574852351
20,8,all,aho_corasick,5,53796.312000000,43771.753300000,64122.437700000,2.139854465,2.104592410,2.164980606
20,8,all,bndmq,5,4880.031000000,4612.803300000,5151.559400000,1.590147795,1.548624369,1.619692928
20,8,all,hash,5,665.031000000,633.162700000,2557.318500000,2.546306498,2.484117967,2.680371356
20,8,first,aho_corasick,5,45657.375000000,43972.078300000,64119.337500000,1.562455391,1.544084042,1.621620797
20,8,first,bndmq,5,4448.625000000,4210.784200000,6037.837700000,1.197815460,1.183617628,1.217745152
20,8,first,hash,5,664.969000000,606.106000000,1050.952700000,1.785630680,1.764575243,1.833726070
20,16,all,aho_corasick,5,88245.250000000,79382.087000000,97810.050000000,2.157344105,2.023740139,2.241822794
20,16,all,bndmq,5,9112.000000000,7607.393800000,18223.200000000,2.895476495,2.855993028,2.950614585
20,16,all,hash,5,1532.875000000,1064.568800000,1668.475400000,2.384505056,2.381739308,2.391320883
20,16,first,aho_corasick,5,87383.625000000,80264.505800000,105008.881300000,1.564086979,1.536282089,1.605705960
20,16,first,bndmq,5,7621.750000000,7469.081700000,11591.525400000,2.185313440,2.172505839,2.256532929
20,16,first,hash,5,1581.000000000,1141.200000000,1793.712500000,1.796911149,1.791584893,1.828253226
20,32,all,aho_corasick,5,170280.250000000,158032.737500000,287208.075000000,2.082436741,2.050514233,2.187877763
20,32,all,bndmq,5,11743.250000000,11337.662500000,49304.025000000,5.599572353,5.561863848,5.665962444
20,32,all,hash,5,2656.125000000,1881.875000000,3435.450000000,2.398241984,2.378166587,2.463965760
20,32,first,aho_corasick,5,148814.000000000,147624.550000000,188880.700000000,1.660295998,1.618610116,1.670239072
20,32,first,bndmq,5,13281.000000000,12581.650000000,22163.162500000,4.320720114,4.254671614,4.375357453
20,32,first,hash,5,2458.250000000,1775.000000000,2766.725000000,1.811282680,1.759435868,1.874543985
20,64,all,aho_corasick,5,310148.500000000,290563.300000000,373888.225000000,2.211887085,2.170355605,2.288337691
20,64,all,bndmq,5,47613.750000000,35100.200000000,81783.975000000,11.260804034,11.064954518,11.323768877
20,64,all,hash,5,3213.500000000,3143.725000000,6601.425000000,2.451964874,2.433099667,2.502388874
20,64,first,aho_corasick,5,318920.000000000,292643.050000000,378006.900000000,1.716719416,1.689684946,1.739363728
20,64,first,bndmq,5,38805.000000000,36871.575000000,53080.575000000,8.317627399,8.296082728,8.548273010
20,64,first,hash,5,3659.500000000,3126.525000000,4619.450000000,1.858906369,1.805421044,1.887368828
20,128,all,aho_corasick,5,709698.500000000,588732.200000000,737516.150000000,2.268369023,2.244117074,2.338771248
20,128,all,hash,5,5545.000000000,4939.000000000,9460.050000000,2.586257857,2.531291884,2.613894609
20,128,first,aho_corasick,5,606391.000000000,586417.950000000,753831.250000000,1.757101126,1.733946574,1.775530233
20,128,first,bndmq,5,69860.500000000,68958.750000000,99945.250000000,16.654339441,16.526522349,16.848373382
20,128,first,hash,5,6447.000000000,4974.050000000,7854.500000000,1.910185630,1.875802061,1.927669937
20,256,all,aho_corasick,5,1180403.000000000,1094626.300000000,1413072.800000000,2.601922646,2.493495905,2.613566570
20,256,all,hash,5,9297.000000000,9082.100000000,18404.400000000,2.403022524,2.399320154,2.461693281
20,256,first,aho_corasick,5,1235866.000000000,1128916.200000000,1447733.700000000,2.086488127,2.028351508,2.171037097
20,256,first,hash,5,9468.000000000,8913.100000000,18772.700000000,1.872017396,1.815253433,1.933127373
20,1000,all,aho_corasick,5,4493883.000000000,4465111.300000000,5739673.800000000,4.310323999,4.191221592,4.325313395
20,1000,all,hash,5,24407.000000000,24138.000000000,40121.900000000,2.536813966,2.484935575,2.551460508
20,1000,first,aho_corasick,5,4797331.000000000,4458603.400000000,5802134.800000000,2.850188220,2.670763762,3.326792496
20,1000,first,hash,5,25026.000000000,24387.100000000,46116.200000000,1.891925496,1.835557697,1.924675640
20,10000,all,aho_corasick,5,57333221.000000000,55941383.400000006,60515678.299999997,10.038320443,9.279653694,11.427830872
20,10000,all,hash,5,383977.000000000,221901.500000000,532654.300000000,2.960407369,2.907130565,3.031201695
20,10000,first,aho_corasick,5,57618482.000000000,57097791.300000004,61469698.799999997,7.530666529,7.438687635,8.842400139
20,10000,first,hash,5,228355.000000000,215923.000000000,585796.900000000,2.235710959,2.213655026,2.265038419
20,100000,all,hash,5,2512066.000000000,2422865.700000000,5483116.800000000,5.698483013,5.577203211,5.938720536
20,100000,first,hash,5,3321756.000000000,3127357.300000000,4176328.900000000,4.734823600,4.268162399,4.859313006
20,1000000,all,hash,5,51639761.000000000,48645353.700000003,72117231.700000003,6.986875766,6.859186635,7.271549643
20,1000000,first,hash,5,51177715.000000000,49307986.400000006,58438659.000000000,5.703300203,5.644455094,5.906113287
24,1,all,aho_corasick,5,14258.156000000,13193.834200000,17873.830100000,0.592228875,0.586481746,0.597104920
24,1,all,bndmq,5,789.438000000,714.845200000,1753.531600000,0.266440846,0.262035270,0.312890816
24,1,all,hash,5,250.141000000,225.410900000,326.904600000,1.942666549,1.874576946,2.026335626
24,1,first,aho_corasick,5,13321.578000000,13000.922200000,15255.673700000,0.292964031,0.288036033,0.305307556
24,1,first,bndmq,5,903.719000000,618.156600000,1100.042000000,0.244293650,0.232933883,0.263660799
24,1,first,hash,5,230.891000000,208.315700000,324.511100000,1.340161199,1.307229734,1.395774312
24,2,all,aho_corasick,5,20862.500000000,19106.602700000,21186.779700000,5.643469216,5.575730262,6.196356952
24,2,all,bndmq,5,1749.359000000,1590.315800000,2239.772300000,0.477310254,0.468569779,0.511468680
24,2,all,hash,5,403.094000000,350.572200000,596.821800000,2.041417889,1.985028161,2.165480891
24,2,first,aho_corasick,5,21057.078000000,18548.793700000,23507.417500000,4.200738685,4.167482996,4.273033389
24,2,first,bndmq,5,1249.844000000,1170.215700000,2045.327800000,0.358360290,0.355695394,0.362630437
24,2,first,hash,5,397.469000000,337.859000000,523.352900000,1.375733996,1.371237465,1.427824804
24,4,all,aho_corasick,5,31336.422000000,29448.898900000,33881.154500000,2.116809898,2.065958073,2.203803874
24,4,all,bndmq,5,2561.344000000,2435.264200000,3478.198300000,0.709347154,0.702752753,0.725425466
24,4,all,hash,5,555.266000000,431.502000000,649.668300000,2.130955158,2.098687977,2.153049307
24,4,first,aho_corasick,5,31106.156000000,28961.050000000,34295.141700000,1.625173198,1.610760103,1.635944434
24,4,first,bndmq,5,2750.438000000,2411.983200000,3213.698800000,0.569499514,0.549337793,0.586641068
24,4,first,hash,5,432.844000000,406.674700000,639.056200000,1.494468198,1.483007009,1.540304122
24,8,all,aho_corasick,5,57864.906000000,51593.771900000,64222.924600000,2.147710323,2.103138414,2.204173641
24,8,all,bndmq,5,5085.438000000,4673.850000000,6339.190400000,1.273297194,1.239990063,1.285611193
24,8,all,hash,5,896.969000000,727.646900000,1298.243300000,2.355321860,2.335396994,2.482192432
24,8,first,aho_corasick,5,52617.812000000,50135.350000000,61154.253100000,1.580427236,1.557851930,1.630608396
24,8,first,bndmq,5,4676.844000000,4306.040900000,6146.249800000,0.964355681,0.954256911,0.976820266
24,8,first,hash,5,1000.938000000,846.328600000,1175.127900000,1.727896797,1.690169109,1.768921883
24,16,all,aho_corasick,5,108830.500000000,94277.480800000,121719.324600000,2.135268641,2.108273092,2.162432822
24,16,all,bndmq,5,8500.188000000,7860.256300000,11483.562500000,2.406855581,2.369287120,2.447194601
24,16,all,hash,5,1174.688000000,1122.625000000,1904.606200000,2.455958639,2.411971861,2.481629283
24,16,first,aho_corasick,5,116807.812000000,94958.650000000,130677.456300000,1.641854811,1.628609350,1.687777197
24,16,first,bndmq,5,8106.375000000,7955.268700000,11518.393800000,1.800499314,1.762135104,1.843946916
24,16,first,hash,5,1143.375000000,1067.875000000,1760.030800000,1.710574522,1.704790323,1.740813073
24,32,all,aho_corasick,5,178280.125000000,173749.412500000,188381.787500000,2.213562402,2.189430466,2.264220918
24,32,all,bndmq,5,17259.625000000,12291.437500000,22964.912500000,4.586763506,4.546709243,4.861365440
24,32,all,hash,5,2115.250000000,1938.887500000,3869.600000000,2.350396617,2.325914713,2.374632147
24,32,first,aho_corasick,5,187885.500000000,176313.437500000,228407.412500000,1.663856669,1.613722197,1.707752360
24,32,first,bndmq,5,12403.000000000,12060.412500000,38141.412500000,3.358677401,3.338912869,3.459249994
24,32,first,hash,5,1943.750000000,1889.125000000,2806.325000000,1.703217394,1.689310905,1.710388955
24,64,all,aho_corasick,5,377484.250000000,352332.200000000,499237.075000000,2.267518170,2.193871633,2.280582673
24,64,all,bndmq,5,29748.250000000,29482.775000000,70898.725000000,9.417690188,9.193642821,9.423071077
24,64,all,hash,5,3173.500000000,3117.525000000,4995.375000000,2.522140953,2.464425833,2.550913752
24,64,first,aho_corasick,5,370914.250000000,365369.775000000,471754.175000000,1.749156067,1.699665028,1.794379076
24,64,first,bndmq,5,36868.500000000,36459.750000000,103406.850000000,6.658076635,6.637696669,6.732029776
24,64,first,hash,5,3431.250000000,3332.000000000,5281.125000000,1.845703294,1.824299931,1.899069685
24,128,all,aho_corasick,5,822203.500000000,706324.900000000,1267018.600000000,2.372507895,2.359343177,2.420259478
24,128,all,bndmq,5,61710.000000000,59688.100000000,72027.150000000,18.021691037,17.897412406,18.345389986
24,128,all,hash,5,6387.500000000,5205.050000000,7820.900000000,2.393985822,2.352897835,2.454236270
24,128,first,aho_corasick,5,803613.500000000,748579.900000000,943802.150000000,1.793057014,1.752619153,1.804903607
24,128,first,bndmq,5,68693.000000000,65434.550000000,96552.550000000,13.527318105,13.465077261,13.780575079
24,128,first,hash,5,6151.500000000,5699.550000000,8075.900000000,1.771193618,1.707733765,1.835833368
24,256,all,aho_corasick,5,1344368.000000000,1292613.100000000,1508980.200000000,2.624981720,2.573584760,2.714477200
24,256,all,hash,5,10039.000000000,9751.100000000,17583.400000000,2.489153172,2.437220367,2.563387313
24,256,first,aho_corasick,5,1858448.000000000,1564405.400000000,2194616.100000000,2.324966740,2.262395897,2.342509178
24,256,first,hash,5,14357.000000000,9795.200000000,19225.000000000,1.840164740,1.814602913,1.870355228
24,1000,all,aho_corasick,5,6365586.000000000,5785932.899999999,6789539.500000000,4.174787550,4.066378298,4.665560175
24,1000,all,hash,5,33032.000000000,27273.000000000,95530.100000000,2.685355849,2.613889143,2.700962092
24,1000,first,aho_corasick,5,6592249.000000000,6352596.000000000,6833694.100000001,3.484815190,3.406771570,3.613495098
24,1000,first,hash,5,38191.000000000,26653.300000000,42920.900000000,1.942685705,1.897757263,1.958601894
24,10000,all,aho_corasick,5,71282623.000000000,67102447.400000006,73236933.299999997,9.416337967,9.383424615,9.695771618
24,10000,all,hash,5,289831.000000000,239647.000000000,439961.300000000,2.791895986,2.753561189,2.889306109
24,10000,first,aho_corasick,5,69918099.000000000,67371906.100000009,74356509.700000003,7.818615033,7.638137638,8.075099420
24,10000,first,hash,5,346384.000000000,244021.000000000,515643.200000000,2.142576975,2.112942203,2.210020267
24,100000,all,hash,5,2893318.000000000,2691372.800000000,5101421.399999999,5.468365353,5.447228462,5.553593802
24,100000,first,hash,5,2898497.000000000,2734082.600000000,4489466.200000000,4.191013588,4.082577547,5.748737123
24,1000000,all,hash,5,56300622.000000000,52711342.800000004,67826919.400000006,6.885956808,6.728520390,7.028610502
24,1000000,first,hash,5,56101056.000000000,54626872.400000006,76249900.900000006,5.851591507,5.743776313,6.183078941
31,1,all,aho_corasick,5,16256.406000000,15137.904500000,18178.289200000,0.664478547,0.650397628,0.692099257
31,1,all,bndmq,5,708.984000000,665.269100000,929.204900000,0.251774423,0.245492496,0.255384002
31,1,all,hash,5,282.859000000,256.064500000,399.653600000,1.899539419,1.875276447,1.978012753
31,1,first,aho_corasick,5,15661.094000000,14616.255000000,18503.739200000,0.300884397,0.294293162,0.328244342
31,1,first,bndmq,5,705.531000000,581.312400000,1017.247200000,0.236645859,0.235472666,0.251215732
31,1,first,hash,5,289.938000000,257.375200000,370.556600000,1.524323127,1.349212226,1.542847177
31,2,all,aho_corasick,5,25338.250000000,22632.282800000,27778.426600000,5.677110570,5.613899440,5.748363507
31,2,all,bndmq,5,1226.344000000,1211.534100000,1726.287200000,0.381639140,0.372097046,0.388115899
31,2,all,hash,5,352.844000000,341.923500000,496.757600000,1.937162893,1.906271808,1.954549339
31,2,first,aho_corasick,5,22651.172000000,21672.949900000,31892.841800000,4.335835843,4.185952891,4.474343417
31,2,first,bndmq,5,1269.859000000,1144.067200000,2395.845200000,0.324799176,0.324184617,0.334059276
31,2,first,hash,5,407.172000000,355.801600000,1018.932600000,1.448411903,1.360810349,1.563283787
31,4,all,aho_corasick,5,34798.188000000,34310.032800000,44424.781600000,2.092095702,2.047642289,2.150677294
31,4,all,bndmq,5,2340.141000000,2193.089400000,2665.425100000,0.635681793,0.629042992,0.638077813
31,4,all,hash,5,530.984000000,442.525400000,624.066800000,2.111577058,2.091118617,2.131089940
31,4,first,aho_corasick,5,38665.422000000,34427.117500000,43083.801200000,1.611615323,1.605222152,1.633741269
31,4,first,bndmq,5,2234.625000000,2161.034000000,4899.626300000,0.488315346,0.480307263,0.490259063
31,4,first,hash,5,435.344000000,423.175000000,576.901700000,1.486082081,1.477216168,1.504804779
31,8,all,aho_corasick,5,68896.344000000,67744.816100000,72772.912500000,2.082931766,2.013545676,2.148930298
31,8,all,bndmq,5,4739.812000000,4374.696600000,6877.894000000,1.151606649,1.117774468,1.161428095
31,8,all,hash,5,743.562000000,729.034200000,1068.437700000,2.389125488,2.356371448,2.481383370
31,8,first,aho_corasick,5,61457.438000000,61162.134400000,73625.037300000,1.619585833,1.585339932,1.652401468
31,8,first,bndmq,5,4155.250000000,3977.040800000,5602.356000000,0.828482039,0.805553733,0.847606961
31,8,first,hash,5,751.688000000,659.065800000,1187.021900000,1.714510196,1.701491820,1.800662423
31,16,all,aho_corasick,5,130298.250000000,116605.425000000,144769.444200000,2.230837283,2.179276955,2.246320708
31,16,all,bndmq,5,7987.438000000,6336.019200000,15565.100400000,1.994719009,1.990527903,2.025316679
31,16,all,hash,5,1594.875000000,1055.062000000,1655.875400000,2.390690358,2.367358163,2.409287320
31,16,first,aho_corasick,5,118472.875000000,118046.575000000,134719.924600000,1.608089291,1.595267917,1.624591559
31,16,first,bndmq,5,7264.812000000,6972.731300000,13935.212000000,1.442479221,1.424279123,1.455776677
31,16,first,hash,5,1530.312000000,1091.568800000,1616.493800000,1.698106931,1.672269172,1.698996904
31,32,all,aho_corasick,5,253687.125000000,230578.150000000,332861.262500000,2.195673495,2.137577193,2.235141034
31,32,all,bndmq,5,11939.750000000,10483.037500000,17244.262500000,3.883170765,3.856620451,3.922668218
31,32,all,hash,5,2852.875000000,2208.137500000,3354.312500000,2.541268640,2.420568718,2.651022368
31,32,first,aho_corasick,5,241225.000000000,225302.725000000,257843.625000000,1.642361981,1.620270054,1.675714402
31,32,first,bndmq,5,10922.875000000,10621.625000000,16426.450000000,2.764585633,2.712411487,2.819472187
31,32,first,hash,5,2121.500000000,1962.125000000,3416.650000000,1.710708944,1.686235509,1.736538441
31,64,all,aho_corasick,5,518500.000000000,441523.125000000,618267.225000000,2.262194002,2.204459094,2.287171335
31,64,all,bndmq,5,39220.750000000,30902.950000000,51551.025000000,7.602420921,7.464945373,7.678804000
31,64,all,hash,5,3601.750000000,3442.775000000,7902.650000000,2.437701118,2.369656827,2.455905384
31,64,first,aho_corasick,5,468443.750000000,440453.200000000,586701.625000000,1.659958880,1.642379500,1.663169336
31,64,first,bndmq,5,32883.750000000,30842.000000000,66025.925000000,5.367834367,5.325818274,5.480279412
31,64,first,hash,5,4403.250000000,3390.275000000,4754.950000000,1.714466984,1.671727854,1.735507331
31,128,all,aho_corasick,5,939998.500000000,908895.150000000,973378.000000000,2.358893232,2.300652977,2.391040342
31,128,all,bndmq,5,63498.000000000,56342.950000000,99149.200000000,14.501191348,14.444133777,15.111401627
31,128,all,hash,5,6497.500000000,5685.050000000,9028.900000000,2.449292571,2.383598485,2.521793947
31,128,first,aho_corasick,5,1002596.000000000,911307.950000000,1087138.300000000,1.891060368,1.831505679,1.953375426
31,128,first,bndmq,5,59275.500000000,56458.700000000,130911.500000000,10.692671715,10.594775297,10.882326093
31,128,first,hash,5,6738.000000000,6484.050000000,11230.400000000,1.845028450,1.791846303,1.903473926
31,256,all,aho_corasick,5,2175228.000000000,1987035.300000000,2423126.800000000,2.830135170,2.597317070,2.851064643
31,256,all,hash,5,10940.000000000,10792.100000000,31158.700000000,2.397996684,2.340400567,2.512624203
31,256,first,aho_corasick,5,1912687.000000000,1703787.900000000,2421352.200000000,2.324505641,2.063138577,2.846266999
31,256,first,hash,5,15118.000000000,10826.000000000,17939.500000000,1.705616189,1.651900625,1.743179837
31,1000,all,aho_corasick,5,7933912.000000000,7532706.500000001,9536089.700000001,4.354216462,4.154563302,4.498445752
31,1000,all,hash,5,32681.000000000,32381.200000000,55535.600000000,2.350162450,2.288675207,2.362921209
31,1000,first,aho_corasick,5,8403347.000000000,7856976.000000000,9361754.500000000,3.439655611,3.313374545,3.550681301
31,1000,first,hash,5,32741.000000000,32114.100000000,49279.700000000,1.676731277,1.670399018,1.720050523
31,10000,all,aho_corasick,5,93846964.000000000,93059921.800000012,105034077.799999997,10.166246628,9.659584695,10.324638678
31,10000,all,hash,5,421937.000000000,306669.100000000,503812.600000000,2.811232808,2.767480137,2.932232932
31,10000,first,aho_corasick,5,98556025.000000000,92076222.299999997,114316586.699999988,7.439297971,7.246481649,8.973095238
31,10000,first,hash,5,332199.000000000,301591.500000000,524687.000000000,2.016057558,1.980578893,2.077361673
31,100000,all,hash,5,3582520.000000000,3394248.500000000,5374150.899999999,5.247112366,5.043711285,5.355207595
31,100000,first,hash,5,3767960.000000000,3395325.500000000,6097998.300000000,4.133356853,4.011614533,4.323775893
31,1000000,all,hash,5,61378255.000000000,59896088.200000003,73920221.400000006,6.603418343,6.512765973,6.743348184
31,1000000,first,hash,5,66632938.000000000,59978196.000000000,75281356.000000000,5.888745213,5.565617902,6.053811155
40,1,all,aho_corasick,5,16404.828000000,16347.330800000,17563.820300000,0.936688994,0.924007870,0.945136375
40,1,all,bndmq,5,885.250000000,761.493500000,1076.699800000,0.245600123,0.236629674,0.247673027
40,1,all,hash,5,324.672000000,312.095600000,486.753500000,1.844456680,1.827946922,1.893807347
40,1,first,aho_corasick,5,18594.188000000,16492.330000000,20119.501400000,0.542278618,0.535872237,0.546565657
40,1,first,bndmq,5,596.422000000,513.041800000,1077.955800000,0.259729875,0.245897963,0.275079965
40,1,first,hash,5,263.000000000,247.189400000,441.345100000,1.300180007,1.291642061,1.348975724
40,2,all,aho_corasick,5,25487.562000000,24897.715600000,28911.770300000,5.488564634,5.458639940,5.509116009
40,2,all,bndmq,5,1308.391000000,1206.391800000,2043.961100000,0.338325824,0.334387570,0.344225923
40,2,all,hash,5,410.922000000,393.718500000,577.339200000,1.841527295,1.818000694,1.862698141
40,2,first,aho_corasick,5,26852.109000000,25285.044900000,44190.238800000,4.317051447,4.198095916,4.416285252
40,2,first,bndmq,5,1364.109000000,1318.735600000,1764.789500000,0.324829012,0.311179487,0.339600038
40,2,first,hash,5,406.234000000,383.688700000,695.742400000,1.400530092,1.361050964,1.416271255
40,4,all,aho_corasick,5,44725.609000000,41947.590900000,52368.498500000,2.135291853,2.055086883,2.152432837
40,4,all,bndmq,5,2499.500000000,2235.831400000,2718.492100000,0.521523395,0.519375641,0.527761368
40,4,all,hash,5,570.766000000,470.862700000,639.283900000,2.074607460,2.055614909,2.111784278
40,4,first,aho_corasick,5,44172.703000000,41816.694000000,57109.956600000,1.651055975,1.632721846,1.662887730
40,4,first,bndmq,5,2602.375000000,2275.781700000,2765.015400000,0.443755979,0.440596332,0.462832809
40,4,first,hash,5,587.828000000,453.409600000,822.570500000,1.508082026,1.464894731,1.580085398
40,8,all,aho_corasick,5,93310.969000000,78526.937000000,93690.581500000,2.067943766,1.948350810,2.159813487
40,8,all,bndmq,5,4228.812000000,3969.184100000,6748.952700000,0.913129900,0.894088646,0.925791926
40,8,all,hash,5,1022.219000000,744.133900000,1165.038000000,2.204338231,2.174856593,2.240702366
40,8,first,aho_corasick,5,83808.844000000,77671.640400000,101717.649800000,1.717468161,1.665014624,1.799917313
40,8,first,bndmq,5,4146.469000000,4019.240400000,8888.637300000,0.756526641,0.725711292,0.766307029
40,8,first,hash,5,964.938000000,751.687300000,1051.552900000,1.720452836,1.675504326,1.933132132
40,16,all,aho_corasick,5,171508.750000000,155110.175400000,181616.574600000,2.151292969,2.098676649,2.214192145
40,16,all,bndmq,5,7103.250000000,6883.643800000,9496.393300000,1.609651301,1.585002232,1.632509108
40,16,all,hash,5,1341.875000000,1318.125000000,2043.206200000,2.199663861,2.181551607,2.248855392
40,16,first,aho_corasick,5,173322.312000000,155205.281200000,184674.681300000,1.644982341,1.634599783,1.705559260
40,16,first,bndmq,5,7465.812000000,6611.718300000,17427.943300000,1.248017963,1.229015452,1.299150435
40,16,first,hash,5,1302.438000000,1243.638000000,1913.118700000,1.647129392,1.628418059,1.659955441
40,32,all,aho_corasick,5,329784.000000000,292254.925000000,344311.412500000,2.211547328,2.131641847,2.237315485
40,32,all,bndmq,5,13560.250000000,10605.312500000,16711.162500000,2.975913713,2.946866361,3.000921681
40,32,all,hash,5,2741.500000000,2365.012500000,3191.437500000,2.229169297,2.166565558,2.393907445
40,32,first,aho_corasick,5,321981.875000000,294020.387500000,381911.587500000,1.669170287,1.663257205,1.688577963
40,32,first,bndmq,5,11499.000000000,11136.387500000,23936.550000000,2.376106791,2.348255173,2.471413731
40,32,first,hash,5,2464.750000000,2277.912500000,3349.750000000,1.743513992,1.661818952,1.770948095
40,64,all,aho_corasick,5,614220.750000000,599181.950000000,701192.800000000,2.256538508,2.203391469,2.275440237
40,64,all,bndmq,5,39005.500000000,29544.475000000,49933.800000000,5.785525986,5.762020903,5.884659863
40,64,all,hash,5,4275.500000000,3952.300000000,5705.925000000,2.262836207,2.210520026,2.314565435
40,64,first,aho_corasick,5,646536.250000000,599369.300000000,706780.200000000,1.771377749,1.748195287,1.819182727
40,64,first,bndmq,5,31656.500000000,31123.275000000,40190.750000000,4.492247292,4.381198830,4.534014472
40,64,first,hash,5,4278.000000000,3911.525000000,5850.200000000,1.717980986,1.677238345,1.751353684
40,128,all,aho_corasick,5,1432198.000000000,1244641.850000000,1450549.650000000,2.395683699,2.379628679,2.467561424
40,128,all,bndmq,5,64650.500000000,58851.350000000,166099.800000000,11.708529723,11.524951268,11.973484004
40,128,all,hash,5,8756.500000000,7643.000000000,11614.150000000,2.354481251,2.335367512,2.420870032
40,128,first,aho_corasick,5,1239868.500000000,1206942.600000000,1380310.300000000,1.974708521,1.919494485,2.009130438
40,128,first,bndmq,5,72630.000000000,60494.100000000,78359.050000000,8.892820614,8.852846848,9.006726359
40,128,first,hash,5,10178.500000000,9678.600000000,11465.350000000,1.859346621,1.812107838,2.083919370
40,256,all,aho_corasick,5,2682845.000000000,2536317.000000000,3084727.600000000,3.014336651,2.772648302,3.073333441
40,256,all,hash,5,16140.000000000,12864.900000000,18857.000000000,2.335019210,2.313292266,2.362012573
40,256,first,aho_corasick,5,2486418.000000000,2476531.400000000,2692434.900000000,2.434432791,2.359311189,2.530702149
40,256,first,bndmq,5,37040.000000000,30280.200000000,136976.800000000,17.188245854,16.971877399,17.358011135
40,256,first,hash,5,17523.000000000,13524.300000000,22053.400000000,1.684444131,1.657367885,1.749887417
40,1000,all,aho_corasick,5,11424203.000000000,11340599.600000000,12150898.100000000,4.352791884,4.306085047,4.394708633
40,1000,all,hash,5,52068.000000000,43182.600000000,87137.400000000,2.318463613,2.261706799,2.362231392
40,1000,first,aho_corasick,5,11455421.000000000,11237163.500000000,12354576.000000000,3.437661405,3.428584407,3.531852105
40,1000,first,hash,5,42961.000000000,42577.000000000,72776.700000000,1.748549303,1.716617456,1.774420696
40,10000,all,aho_corasick,5,138241195.000000000,125953946.799999997,143610886.300000012,10.435422639,10.341170611,11.268051285
40,10000,all,hash,5,532704.000000000,397815.600000000,1152318.100000000,2.854369611,2.805733563,2.925903387
40,10000,first,aho_corasick,5,132813886.000000000,127244166.800000012,153687096.500000000,8.139050152,7.732688230,8.450316927
40,10000,first,hash,5,391180.000000000,386409.300000000,676963.800000000,2.129418171,2.018714922,2.227196157
40,100000,all,hash,5,4935870.000000000,4262707.400000000,6714001.800000000,5.136526837,5.100540582,5.684795376
40,100000,first,hash,5,5277887.000000000,4277401.300000000,6188937.800000000,4.054075692,3.812357094,4.227368366
40,1000000,all,hash,5,76215814.000000000,73137817.799999997,102734216.500000000,6.506585827,6.311020302,6.785376270
40,1000000,first,hash,5,73285129.000000000,71374929.599999994,81708394.200000003,5.401191278,5.367013755,5.589725733
48,1,all,aho_corasick,5,18497.328000000,18258.377800000,20800.088700000,1.019785347,0.992520510,1.023563234
48,1,all,bndmq,5,711.953000000,566.209700000,1062.654700000,0.269345694,0.262476104,0.273794456
48,1,all,hash,5,348.156000000,335.532400000,414.809700000,1.833679349,1.790177444,1.908131336
48,1,first,aho_corasick,5,21826.719000000,18225.594900000,26672.149600000,0.554730704,0.534270723,0.568790773
48,1,first,bndmq,5,722.125000000,685.332700000,1002.579800000,0.295101547,0.294269834,0.298862867
48,1,first,hash,5,391.984000000,345.426600000,476.068800000,1.334319227,1.309147080,1.418858939
48,2,all,aho_corasick,5,30658.750000000,28089.594100000,31797.718500000,5.818807573,5.744095372,5.890528400
48,2,all,bndmq,5,1329.969000000,1285.362800000,1711.484800000,0.348590610,0.342031849,0.353668321
48,2,all,hash,5,331.094000000,327.171900000,539.299700000,1.941660267,1.902541128,1.957222676
48,2,first,aho_corasick,5,37265.922000000,29867.618700000,49007.512600000,4.823310606,4.398539117,6.113593576
48,2,first,bndmq,5,1352.062000000,1242.001800000,1706.879400000,0.341474311,0.329795799,0.342863545
48,2,first,hash,5,376.797000000,356.252900000,502.146800000,1.414398597,1.406764424,1.420181799
48,4,all,aho_corasick,5,58444.500000000,50810.013900000,65798.912500000,2.079994621,2.030072643,2.093437665
48,4,all,bndmq,5,2228.844000000,2190.535800000,6816.886400000,0.503215178,0.481765201,0.512179101
48,4,all,hash,5,544.766000000,512.004600000,697.912700000,2.016496118,1.934645028,2.198491357
48,4,first,aho_corasick,5,50383.531000000,48284.753400000,69069.985700000,1.653435350,1.642982377,1.658579414
48,4,first,bndmq,5,2577.781000000,2316.970100000,8960.354800000,0.446328210,0.437019358,0.462862545
48,4,first,hash,5,576.391000000,545.234600000,1036.607500000,1.539985562,1.494402930,1.588491458
48,8,all,aho_corasick,5,98598.656000000,89790.427900000,106312.412700000,2.169154627,2.032112399,2.192656303
48,8,all,bndmq,5,4182.812000000,3980.202900000,9150.349800000,0.785298050,0.738684374,0.789418055
48,8,all,hash,5,815.594000000,747.469000000,1095.224800000,2.256940558,2.217037458,2.293019624
48,8,first,aho_corasick,5,96216.375000000,94151.662300000,101431.388000000,1.701200512,1.658445356,1.726669226
48,8,first,bndmq,5,4095.438000000,3974.759100000,5241.494000000,0.654526455,0.653944575,0.673540410
48,8,first,hash,5,1146.500000000,882.168800000,1203.458900000,1.935054808,1.674751041,1.965286586
48,16,all,aho_corasick,5,204417.250000000,176013.468700000,207678.668700000,2.183730101,2.079814237,2.202150376
48,16,all,bndmq,5,7827.812000000,7028.062500000,9069.550400000,1.297145221,1.277098909,1.324310435
48,16,all,hash,5,1936.125000000,1423.063000000,2206.487500000,2.199032161,2.131492597,2.218408663
48,16,first,aho_corasick,5,189029.500000000,183808.880800000,214874.543700000,1.724234025,1.689136421,1.756658710
48,16,first,bndmq,5,8098.250000000,6864.937500000,33554.106200000,1.086260700,1.079341744,1.128408319
48,16,first,hash,5,1839.062000000,1318.400000000,2026.093300000,1.630741296,1.617555152,1.639683413
48,32,all,aho_corasick,5,380472.375000000,351853.537500000,471954.262500000,2.136224080,2.123705259,2.172728297
48,32,all,bndmq,5,14261.750000000,11529.512500000,20073.725000000,2.382594729,2.346106344,2.414526251
48,32,all,hash,5,3078.250000000,2618.162500000,3672.200000000,2.198041496,2.138712038,2.259965666
48,32,first,aho_corasick,5,409300.250000000,353278.962500000,495048.362500000,1.802984516,1.778705319,1.837715798
48,32,first,bndmq,5,13436.375000000,10712.162500000,67198.550000000,1.973633841,1.958985479,2.033037503
48,32,first,hash,5,3221.125000000,2743.975000000,4541.700000000,1.705387847,1.655869878,1.746481374
48,64,all,aho_corasick,5,814091.500000000,735754.275000000,896132.525000000,2.262657429,2.230990062,2.297148895
48,64,all,bndmq,5,32443.000000000,31263.625000000,43725.825000000,4.541219690,4.497307863,4.676785936
48,64,all,hash,5,4643.750000000,4354.775000000,6535.900000000,2.226772856,2.162357362,2.335213973
48,64,first,aho_corasick,5,799741.750000000,732013.000000000,863467.200000000,1.860664895,1.769037649,1.880615954
48,64,first,bndmq,5,43233.250000000,32327.450000000,46174.450000000,3.716135341,3.620599688,3.907972355
48,64,first,hash,5,4799.000000000,4677.250000000,9472.250000000,1.687911777,1.658881988,1.727608547
48,128,all,aho_corasick,5,1716617.500000000,1628012.250000000,1745048.500000000,2.495084880,2.439382618,2.584254285
48,128,all,bndmq,5,61449.500000000,59972.750000000,78059.250000000,9.406028498,9.383750475,9.501345953
48,128,all,hash,5,8776.500000000,8344.550000000,12209.650000000,2.276996816,2.239650916,2.320154260
48,128,first,aho_corasick,5,1571075.500000000,1493247.800000000,1611375.750000000,2.044322531,2.017171901,2.110642983
48,128,first,bndmq,5,71073.000000000,68531.800000000,87334.350000000,7.215884968,7.002224632,7.970055556
48,128,first,hash,5,9838.000000000,8191.100000000,13428.100000000,1.809425601,1.754245187,1.813206704
48,256,all,aho_corasick,5,3699091.000000000,3137948.200000000,4162526.100000000,3.060719739,2.763630532,3.110723609
48,256,all,bndmq,5,34604.000000000,34437.000000000,140320.400000000,19.178374413,19.136750773,19.372351423
48,256,all,hash,5,15750.000000000,15050.100000000,24414.100000000,2.306853846,2.248917475,2.358601684
48,256,first,aho_corasick,5,3071429.000000000,2964054.100000000,3890088.600000000,2.611333507,2.535569518,2.674833499
48,256,first,bndmq,5,39704.000000000,32211.400000000,147558.900000000,13.635451199,13.481219289,14.358553003
48,256,first,hash,5,16331.000000000,15699.000000000,25457.700000000,1.638479103,1.618881388,1.674749657
48,1000,all,aho_corasick,5,13938134.000000000,13478404.200000001,15211223.100000000,4.178788512,4.159758745,4.264737908
48,1000,all,hash,5,49062.000000000,48555.900000000,92954.500000000,2.160816168,2.152745983,2.336648388
48,1000,first,aho_corasick,5,14349991.000000000,13938424.300000001,16189055.299999999,3.556408997,3.529408281,3.604123477
48,1000,first,hash,5,54181.000000000,49092.100000000,120675.300000000,1.782764074,1.674125867,1.849625963
48,10000,all,aho_corasick,5,162007733.000000000,157306644.400000006,178050103.300000012,10.122360975,9.784419572,10.468247423
48,10000,all,hash,5,646515.000000000,637226.100000000,862216.500000000,2.562447185,2.499111974,2.588393183
48,10000,first,aho_corasick,5,165289939.000000000,159651659.199999988,184010773.799999982,8.301319317,8.147668035,8.936340070
48,10000,first,hash,5,656044.000000000,630845.800000000,820325.900000000,2.022783384,1.952391738,2.061156269
48,100000,all,hash,5,6409788.000000000,5131529.600000001,6749851.500000000,4.938312373,4.669993169,5.759357515
48,100000,first,hash,5,5551667.000000000,5058302.100000000,7546788.800000000,3.858978732,3.669676198,4.001450696
48,1000000,all,hash,5,85901590.000000000,78515760.400000006,102981999.799999997,5.977085996,5.828956852,6.119373421
48,1000000,first,hash,5,82897334.000000000,79940617.400000006,117207328.699999988,5.178071444,5.014804104,5.226808763
64,1,all,aho_corasick,5,21377.688000000,21191.862400000,26448.725300000,1.045424566,1.025079795,1.094859457
64,1,all,bndmq,5,814.172000000,792.985800000,1156.582800000,0.282000884,0.271908315,0.327314489
64,1,all,hash,5,398.391000000,362.876500000,503.398000000,1.736171790,1.673577229,1.807554601
64,1,first,aho_corasick,5,22862.031000000,21246.856700000,25801.331100000,0.506339349,0.500807201,0.527862697
64,1,first,bndmq,5,911.234000000,865.268900000,1641.209400000,0.308593390,0.300386610,0.344797486
64,1,first,hash,5,381.344000000,351.287200000,525.906400000,1.302791213,1.292788944,1.406639004
64,2,all,aho_corasick,5,38017.484000000,35462.460700000,44380.307700000,5.207134147,5.193585096,5.352582042
64,2,all,bndmq,5,1392.438000000,1331.332800000,1833.735900000,0.334536969,0.326118587,0.338399309
64,2,all,hash,5,503.438000000,408.543300000,524.079800000,1.733116141,1.728829624,1.789125651
64,2,first,aho_corasick,5,45308.594000000,35610.228000000,49095.375400000,4.368677109,4.353903810,4.388660646
64,2,first,bndmq,5,1423.922000000,1371.383100000,1949.525100000,0.363719804,0.353767824,0.371739007
64,2,first,hash,5,466.969000000,411.942100000,533.257900000,1.435017908,1.370396043,1.471320720
64,4,all,aho_corasick,5,67726.516000000,62827.257900000,75970.710500000,2.128912999,2.057486199,2.191099438
64,4,all,bndmq,5,2382.875000000,2330.210700000,2979.228200000,0.441987096,0.424489784,0.460258537
64,4,all,hash,5,656.859000000,594.079300000,777.790300000,1.862806141,1.826359374,1.904947655
64,4,first,aho_corasick,5,68087.844000000,64280.886200000,79597.945200000,1.779504363,1.736501791,1.803153645
64,4,first,bndmq,5,2339.828000000,2260.847100000,5294.814300000,0.440671814,0.431198460,0.456641652
64,4,first,hash,5,671.406000000,617.907700000,869.279800000,1.508955304,1.496319833,1.546483989
64,8,all,aho_corasick,5,124613.438000000,119998.512700000,149441.346700000,2.105402447,2.059258130,2.265215808
64,8,all,bndmq,5,5549.719000000,4183.853400000,6717.840600000,0.651048606,0.644909187,0.659197231
64,8,all,hash,5,1113.938000000,991.559100000,1349.859800000,2.084476477,2.055798223,2.141836658
64,8,first,aho_corasick,5,127473.125000000,117020.908900000,156807.896600000,1.709321982,1.675906768,1.716819252
64,8,first,bndmq,5,4921.031000000,4202.072300000,5347.875000000,0.587143581,0.570223803,0.594526638
64,8,first,hash,5,984.625000000,976.778300000,1538.137700000,1.586127784,1.566777154,1.657424151
64,16,all,aho_corasick,5,257846.625000000,242840.543800000,270758.199600000,2.130719317,2.057659113,2.151520085
64,16,all,bndmq,5,7296.750000000,7128.568300000,12420.250000000,1.041150733,1.022077392,1.072713180
64,16,all,hash,5,1920.438000000,1711.200400000,2536.974600000,2.099132468,2.068719260,2.110335124
64,16,first,aho_corasick,5,243756.625000000,232958.118300000,284308.237500000,1.722462971,1.711848976,1.739183981
64,16,first,bndmq,5,7491.438000000,7113.506200000,17091.387000000,0.926179722,0.886126168,0.960588800
64,16,first,hash,5,1820.250000000,1727.443700000,2565.837500000,1.568758430,1.557182864,1.612373516
64,32,all,aho_corasick,5,531541.750000000,486158.312500000,564839.400000000,2.251078421,2.191077237,2.261876561
64,32,all,bndmq,5,11407.500000000,11309.750000000,17596.225000000,1.840799884,1.822870297,1.864726649
64,32,all,hash,5,3231.125000000,3183.862500000,5132.925000000,2.047478910,2.038630159,2.086992604
64,32,first,aho_corasick,5,516106.500000000,499215.850000000,565184.537500000,1.768595681,1.733768025,1.788637505
64,32,first,bndmq,5,15276.125000000,12867.675000000,32206.325000000,1.604753382,1.524448972,1.614694502
64,32,first,hash,5,3320.000000000,3195.512500000,6668.200000000,1.596749246,1.571853515,1.614479068
64,64,all,aho_corasick,5,981273.000000000,944849.475000000,1109857.100000000,2.351001362,2.312361851,2.361098162
64,64,all,bndmq,5,33252.000000000,31179.650000000,44367.975000000,3.369083037,3.288953969,3.396062740
64,64,all,hash,5,5707.750000000,5518.275000000,8027.300000000,2.074868921,2.053421655,2.096189735
64,64,first,aho_corasick,5,1041450.750000000,939517.950000000,1142441.425000000,1.895424827,1.836722016,1.930208476
64,64,first,bndmq,5,32315.500000000,31126.450000000,47127.025000000,2.659412515,2.616409319,2.727318289
64,64,first,hash,5,5710.750000000,5639.250000000,8210.700000000,1.572662909,1.528017077,1.605496227
64,128,all,aho_corasick,5,2088396.000000000,1938247.350000000,2507501.750000000,2.631059908,2.476379886,2.643211003
64,128,all,bndmq,5,63293.000000000,62422.600000000,83721.900000000,6.714289231,6.587358172,6.911146812
64,128,all,hash,5,10394.500000000,10048.050000000,14626.300000000,2.018579913,1.984800885,2.036341583
64,128,first,aho_corasick,5,2003688.000000000,1989161.750000000,2085512.050000000,2.182173686,2.140363448,2.244914007
64,128,first,bndmq,5,62246.500000000,58102.650000000,113757.700000000,4.895805718,4.885076091,4.963932807
64,128,first,hash,5,10760.000000000,10142.550000000,15028.700000000,1.566706977,1.548528930,1.583675153
64,256,all,aho_corasick,5,6309411.000000000,3961196.100000000,8627286.800000001,4.013970042,3.350782501,5.454845225
64,256,all,bndmq,5,34896.000000000,33263.200000000,152556.300000000,13.388160474,13.292904282,13.456711041
64,256,all,hash,5,20247.000000000,19518.000000000,26300.600000000,1.993979462,1.960992297,2.015522439
64,256,first,aho_corasick,5,4108946.000000000,3768359.100000000,4784427.900000000,2.686420437,2.664537233,2.823490395
64,256,first,bndmq,5,35647.000000000,33846.100000000,271637.100000000,9.735232790,9.621496654,9.810624725
64,256,first,hash,5,24256.000000000,19886.100000000,29965.400000000,1.562294455,1.545546670,1.600799702
64,1000,all,aho_corasick,5,19237430.000000000,17080402.199999999,20841641.600000001,4.274069792,4.206483299,4.303727994
64,1000,all,hash,5,67506.000000000,66190.200000000,116416.000000000,2.030956268,1.995775359,2.043552928
64,1000,first,aho_corasick,5,19428569.000000000,17453169.100000001,21355279.600000001,3.569415301,3.509321771,3.584360834
64,1000,first,hash,5,71463.000000000,67424.100000000,117715.500000000,1.544183852,1.522610611,1.588384647
64,10000,all,aho_corasick,5,242907848.000000000,229045614.099999994,245795590.800000012,10.941122048,10.650354605,11.363915781
64,10000,all,hash,5,897454.000000000,869525.400000000,1050330.600000000,2.375275259,2.364734151,2.405126016
64,10000,first,aho_corasick,5,239503637.000000000,226678486.700000018,254244443.000000000,9.022980634,8.714330161,9.175755621
64,10000,first,hash,5,896803.000000000,864571.500000000,975237.600000000,1.919022362,1.832719131,1.962854382
64,100000,all,hash,5,7373094.000000000,7228814.600000001,9630218.100000000,4.544943640,4.405971603,4.850328976
64,100000,first,hash,5,7508706.000000000,6887375.600000001,11017503.100000000,3.475783598,3.276680413,3.577563287
64,1000000,all,hash,5,105684253.000000000,102511058.700000003,115094259.099999994,5.585804278,5.495108436,5.689269245
64,1000000,first,hash,5,109959698.000000000,99336885.700000003,141987030.699999988,4.771089318,4.737491512,4.838663787
80,1,all,aho_corasick,5,26066.453000000,24956.942100000,31243.427800000,1.137322663,1.125213805,1.158946111
80,1,all,hash,5,327.625000000,305.845000000,450.149700000,1.651600825,1.588347719,1.722410673
80,1,first,aho_corasick,5,26345.562000000,24418.734800000,28686.127000000,0.495409358,0.491050694,0.506375728
80,1,first,hash,5,328.578000000,319.765800000,479.123500000,1.327678247,1.299065231,1.363908033
80,2,all,aho_corasick,5,45654.547000000,41316.197100000,51841.057700000,5.048639154,4.970822599,5.097198516
80,2,all,hash,5,466.812000000,430.754900000,563.590700000,1.648310406,1.613355047,1.700403067
80,2,first,aho_corasick,5,48550.734000000,42371.132800000,60906.816700000,4.213494793,4.140317277,4.308624423
80,2,first,hash,5,496.562000000,415.632500000,672.640500000,1.337535715,1.302918561,1.380356787
80,4,all,aho_corasick,5,82065.750000000,79314.210600000,89591.491900000,2.111526075,2.100277120,2.161178895
80,4,all,hash,5,769.719000000,657.955000000,913.028000000,1.720159340,1.711144424,1.745867911
80,4,first,aho_corasick,5,85335.797000000,79575.814500000,90646.081400000,1.768180153,1.753286817,1.833180517
80,4,first,hash,5,752.344000000,642.756600000,930.423100000,1.416221664,1.365682694,1.431457986
80,8,all,aho_corasick,5,156210.500000000,155218.306000000,182170.315800000,2.052214419,2.020888666,2.130168287
80,8,all,hash,5,1304.625000000,1152.225400000,1505.243700000,1.878163149,1.863950661,1.906353258
80,8,first,aho_corasick,5,143175.875000000,141931.040400000,180053.412000000,1.848234946,1.827977836,1.871705268
80,8,first,hash,5,1136.781000000,1114.972100000,1494.512300000,1.529592663,1.521410299,1.575587353
80,16,all,aho_corasick,5,314381.500000000,298307.731700000,326791.368300000,2.164394239,2.082311417,2.166846456
80,16,all,hash,5,2269.875000000,2028.600000000,2911.488000000,1.913383522,1.897166845,1.948957962
80,16,first,aho_corasick,5,312773.188000000,298572.062500000,358126.368300000,1.855763726,1.851288318,1.918967548
80,16,first,hash,5,2321.188000000,1986.019200000,2634.199600000,1.513698112,1.478562789,1.531255635
80,32,all,aho_corasick,5,624627.750000000,610254.112500000,696918.012500000,2.162668989,2.159406030,2.273088101
80,32,all,hash,5,3629.250000000,3603.237500000,7332.375000000,1.847396641,1.840407013,1.893976164
80,32,first,aho_corasick,5,614012.875000000,587554.512500000,715663.137500000,1.830826203,1.788160474,1.847332025
80,32,first,hash,5,3740.625000000,3654.487500000,4719.162500000,1.525238008,1.514282204,1.561637924
80,64,all,aho_corasick,5,1342825.500000000,1250079.925000000,1351486.600000000,2.352116413,2.319169477,2.368843022
80,64,all,hash,5,6825.250000000,6413.550000000,9325.825000000,1.864705802,1.819033573,1.883121316
80,64,first,aho_corasick,5,1235439.750000000,1184894.425000000,1394820.025000000,1.932569969,1.871886893,1.973390870
80,64,first,hash,5,6860.250000000,6682.225000000,9319.825000000,1.489592553,1.480356241,1.519462195
80,128,all,aho_corasick,5,2523307.500000000,2432958.300000000,2705684.050000000,2.705047990,2.649375640,2.743534877
80,128,all,hash,5,15333.500000000,12722.950000000,17073.750000000,1.948600013,1.842764359,1.997906179
80,128,first,aho_corasick,5,2700243.000000000,2439240.550000000,2849638.200000000,2.389058472,2.252420614,2.439565369
80,128,first,hash,5,15910.000000000,12369.200000000,17623.200000000,1.533418583,1.494747887,1.654638369
80,256,all,aho_corasick,5,5740610.000000000,5655896.000000001,6014103.800000000,3.282891274,3.099649640,3.353360598
80,256,all,hash,5,24055.000000000,23860.300000000,35756.500000000,1.927285785,1.914515532,1.944175297
80,256,first,aho_corasick,5,5449766.000000000,5237559.000000000,5755455.100000000,2.733728563,2.673087651,2.857899014
80,256,first,hash,5,24475.000000000,24023.100000000,29649.000000000,1.528045574,1.511861903,1.565876127
80,1000,all,aho_corasick,5,23077116.000000000,21017552.900000002,24851471.699999999,4.185357789,4.133835849,4.333400381
80,1000,all,hash,5,84628.000000000,82387.100000000,114996.200000000,1.924157232,1.908392133,2.009153251
80,1000,first,aho_corasick,5,22336148.000000000,21815685.899999999,24030227.900000002,3.767139256,3.572591728,3.968369591
80,1000,first,hash,5,82705.000000000,82344.000000000,120508.200000000,1.513637743,1.495360953,1.543027608
80,10000,all,aho_corasick,5,296100112.000000000,288681443.399999976,321993052.699999988,11.687045196,11.329994088,11.990833481
80,10000,all,hash,5,1001870.000000000,821742.200000000,1239865.500000000,2.228296643,2.139009651,2.296937978
80,10000,first,aho_corasick,5,290944517.000000000,285686614.500000000,314228863.899999976,9.568076844,9.522422831,9.800607307
80,10000,first,hash,5,811354.000000000,807814.400000000,1137661.100000000,1.743069714,1.687669437,1.840054673
80,100000,all,hash,5,10163181.000000000,8591770.300000001,11332371.699999999,4.033514323,3.688701501,4.564362819
80,100000,first,hash,5,9285603.000000000,8728794.400000000,15357415.200000001,3.229694441,3.002347060,3.364263611
80,1000000,all,hash,5,122927604.000000000,119478020.200000003,138248245.500000000,4.785919928,4.746862943,5.018024701
80,1000000,first,hash,5,126932135.000000000,119102304.200000003,240995974.099999964,4.220000060,4.172558496,4.444899084
96,1,all,aho_corasick,5,27863.391000000,27286.877900000,34872.090600000,1.211729379,1.171657579,1.244117729
96,1,all,hash,5,449.906000000,398.157500000,569.511400000,1.541359236,1.493496121,1.582858715
96,1,first,aho_corasick,5,29165.500000000,28360.170200000,32742.834400000,0.470554739,0.456618749,0.479871597
96,1,first,hash,5,432.984000000,402.301200000,574.881500000,1.286690154,1.255022830,1.304501788
96,2,all,aho_corasick,5,50636.812000000,47171.834300000,51189.553200000,4.959504293,4.827459202,4.992535210
96,2,all,hash,5,508.766000000,479.659500000,679.750000000,1.569934748,1.513404174,1.647073342
96,2,first,aho_corasick,5,47723.109000000,47501.573900000,57293.219900000,4.075867489,3.978355849,4.087512892
96,2,first,hash,5,526.766000000,498.676100000,675.167400000,1.312761667,1.291933212,1.326665745
96,4,all,aho_corasick,5,95680.062000000,91874.673400000,100411.756200000,2.169055941,2.116766817,2.225407810
96,4,all,hash,5,752.203000000,742.110900000,1114.077800000,1.598317925,1.590772777,1.603467866
96,4,first,aho_corasick,5,91380.047000000,87700.423800000,107835.140700000,1.822942113,1.797052525,1.840016901
96,4,first,hash,5,1042.422000000,902.140200000,1486.267400000,1.410597993,1.368081062,1.431378993
96,8,all,aho_corasick,5,185424.062000000,174790.368500000,202055.065400000,2.186826382,2.146038503,2.202509370
96,8,all,hash,5,1584.844000000,1337.224800000,1704.900000000,1.724874874,1.705342920,1.782161644
96,8,first,aho_corasick,5,187256.188000000,170571.884200000,252962.700200000,1.833210467,1.793470508,1.859835350
96,8,first,hash,5,1674.688000000,1260.737300000,1919.613000000,1.433620454,1.401918535,1.451826414
96,16,all,aho_corasick,5,355754.812000000,335313.243700000,391518.413000000,2.208118640,2.133167114,2.299788248
96,16,all,hash,5,2511.562000000,2230.818300000,3294.074600000,1.705223263,1.683697242,1.734356260
96,16,first,aho_corasick,5,367035.938000000,351709.868300000,403370.380800000,1.918708931,1.848451543,1.960243352
96,16,first,hash,5,2822.750000000,2234.706300000,3255.068700000,1.427506260,1.400439450,1.450098224
96,32,all,aho_corasick,5,736758.375000000,700291.312500000,802517.437500000,2.233330853,2.214306198,2.264170650
96,32,all,hash,5,4397.000000000,4288.000000000,6044.062500000,1.715267758,1.710333487,1.734608680
96,32,first,aho_corasick,5,752601.250000000,698552.875000000,801512.887500000,1.892767848,1.870990931,1.906138450
96,32,first,hash,5,4282.875000000,4275.987500000,6407.025000000,1.422032094,1.406667511,1.468047613
96,64,all,aho_corasick,5,1433634.750000000,1408060.050000000,1565214.975000000,2.375107579,2.357128785,2.403138490
96,64,all,hash,5,9259.750000000,7770.525000000,10621.375000000,1.798641861,1.762931809,1.870080452
96,64,first,aho_corasick,5,1496912.750000000,1461577.700000000,1601750.125000000,2.082116093,2.060817810,2.100232716
96,64,first,hash,5,9207.000000000,7943.500000000,10565.575000000,1.482985116,1.442397905,1.489023245
96,128,all,aho_corasick,5,3012635.500000000,2941674.100000000,3232953.650000000,2.778313333,2.729944786,2.795249240
96,128,all,hash,5,14993.000000000,14613.000000000,20137.750000000,1.695450859,1.683211601,1.730654008
96,128,first,aho_corasick,5,3101434.500000000,2993803.100000000,3464351.950000000,2.419754080,2.370915367,2.501159669
96,128,first,hash,5,18199.000000000,15169.000000000,19992.700000000,1.442020756,1.397823928,1.463307551
96,256,all,aho_corasick,5,6265819.000000000,5699932.200000000,6613926.100000001,3.163598263,3.091899142,3.334809772
96,256,all,hash,5,28383.000000000,28129.000000000,68689.700000000,1.802607575,1.779086739,1.825089988
96,256,first,aho_corasick,5,6684354.000000000,6199892.600000000,7553634.199999999,2.809054362,2.594397596,2.854477450
96,256,first,hash,5,28494.000000000,28100.000000000,46106.300000000,1.459712931,1.445870502,1.500264492
96,1000,all,aho_corasick,5,27799724.000000000,25822384.199999999,31104102.300000001,4.226668287,4.172424788,4.490506622
96,1000,all,hash,5,125834.000000000,107295.300000000,142093.700000000,1.769165832,1.724626953,1.793211507
96,1000,first,aho_corasick,5,28095914.000000000,25914215.800000001,30100048.300000001,3.843325123,3.763301281,4.123218882
96,1000,first,hash,5,108532.000000000,101074.500000000,140548.700000000,1.467657935,1.413143971,1.487480926
96,10000,all,aho_corasick,5,358185506.000000000,354656570.300000012,404967676.199999988,12.200033430,11.930182149,12.859244424
96,10000,all,hash,5,1012980.000000000,1002566.200000000,1325104.800000000,2.034161352,1.995630772,2.072499669
96,10000,first,aho_corasick,5,355383251.000000000,351147214.400000036,400480431.699999988,10.607927054,10.392122012,10.772739561
96,10000,first,hash,5,1393140.000000000,993979.700000000,1588255.700000000,1.754985980,1.652981695,1.785721693
96,100000,all,hash,5,11351708.000000000,10659898.500000000,14886000.999999998,3.455612909,3.184354871,3.759298522
96,100000,first,hash,5,12310527.000000000,10640085.800000001,13486124.100000000,2.980129980,2.681978487,3.184127122
96,1000000,all,hash,5,180593115.000000000,154562182.800000012,245625051.500000000,4.645200980,4.175005605,8.081341038
96,1000000,first,hash,5,146167199.000000000,139495827.099999994,166524368.000000000,3.648010934,3.549101669,4.037194069
128,1,all,aho_corasick,5,40108.422000000,36487.298200000,46890.398500000,1.363779306,1.344649414,1.384510392
128,1,all,hash,5,474.625000000,458.268500000,632.994000000,1.304108994,1.289658961,1.314115497
128,1,first,aho_corasick,5,37740.250000000,35280.371900000,43641.685500000,0.413416463,0.401669023,0.415714379
128,1,first,hash,5,560.734000000,445.890500000,743.611400000,1.197648211,1.189871015,1.265383777
128,2,all,aho_corasick,5,63029.469000000,59452.782500000,63847.437700000,4.550522243,4.497620811,4.656247731
128,2,all,hash,5,594.547000000,567.456000000,692.915400000,1.322529656,1.317779334,1.379849174
128,2,first,aho_corasick,5,63642.297000000,60576.491100000,73109.757600000,4.095513724,3.997164363,4.186345216
128,2,first,hash,5,579.359000000,567.656000000,890.265900000,1.242325372,1.211727545,1.267342058
128,4,all,aho_corasick,5,124596.031000000,113039.725000000,138831.755900000,2.142411771,2.055831193,2.286567943
128,4,all,hash,5,932.203000000,916.359500000,1358.827800000,1.390120705,1.343165488,1.421441744
128,4,first,aho_corasick,5,123922.125000000,118070.456400000,139968.475000000,1.909194563,1.904455323,1.973186948
128,4,first,hash,5,963.359000000,896.035800000,1305.504500000,1.266888338,1.261538076,1.288118301
128,8,all,aho_corasick,5,244346.812000000,235537.621700000,253832.675400000,2.179131268,2.099206215,2.224708739
128,8,all,hash,5,1710.719000000,1510.277900000,6414.533900000,1.481249970,1.454928484,1.488291067
128,8,first,aho_corasick,5,243398.469000000,230381.325000000,254322.640400000,1.970956559,1.897210139,1.973186496
128,8,first,hash,5,1559.500000000,1515.440200000,2231.697100000,1.314525715,1.299262985,1.345700931
128,16,all,aho_corasick,5,490538.188000000,475401.563000000,537977.331200000,2.260677098,2.212581298,2.319108620
128,16,all,hash,5,3053.125000000,2800.012000000,4504.262500000,1.447344865,1.407396944,1.459665672
128,16,first,aho_corasick,5,519917.500000000,461103.905800000,567944.500000000,1.967642225,1.933419545,1.992350916
128,16,first,hash,5,3033.188000000,2707.968700000,4525.355800000,1.290031779,1.279901847,1.348119832
128,32,all,aho_corasick,5,1002601.875000000,948123.812500000,1048323.212500000,2.320203408,2.282298222,2.341935219
128,32,all,hash,5,6112.625000000,5321.137500000,7447.662500000,1.455358597,1.437964140,1.478781099
128,32,first,aho_corasick,5,1024644.375000000,935812.862500000,1062977.200000000,1.977192262,1.955502694,1.993430832
128,32,first,hash,5,6073.875000000,5367.637500000,7976.875000000,1.302850307,1.267530446,1.345247882
128,64,all,aho_corasick,5,2047657.750000000,1975563.525000000,2067455.700000000,2.532601489,2.468249111,2.546682237
128,64,all,hash,5,13152.000000000,11213.375000000,13308.000000000,1.460274438,1.421346384,1.485366729
128,64,first,aho_corasick,5,2112421.000000000,1969481.250000000,2262641.700000000,2.125014120,2.100309329,2.159543178
128,64,first,hash,5,10013.750000000,9657.775000000,12818.400000000,1.296572527,1.280861560,1.332689576
128,128,all,aho_corasick,5,4251083.000000000,3981753.550000000,4470163.550000000,2.850566419,2.830416766,2.915250665
128,128,all,hash,5,19311.000000000,18624.550000000,27863.000000000,1.430043230,1.387507287,1.435796998
128,128,first,aho_corasick,5,4118829.000000000,3967899.300000000,4549826.350000000,2.538579293,2.468436902,2.587175180
128,128,first,hash,5,23654.500000000,19001.050000000,25844.150000000,1.298131194,1.290683347,1.325150938
128,256,all,aho_corasick,5,8640510.000000000,8036833.500000000,8859597.200000001,3.148169574,3.129477767,3.168083446
128,256,all,hash,5,36598.000000000,36154.000000000,50201.000000000,1.420418559,1.406571448,1.449244595
128,256,first,aho_corasick,5,8415740.000000000,7890946.000000001,8774130.699999999,2.888624613,2.862458593,2.897927623
128,256,first,hash,5,37609.000000000,36829.100000000,52497.700000000,1.318728193,1.296451745,1.329616524
128,1000,all,aho_corasick,5,37314803.000000000,35246981.399999999,39112558.000000000,4.126154088,4.081876151,4.430990188
128,1000,all,hash,5,148346.000000000,134336.100000000,203067.600000000,1.489561821,1.465240478,1.500792625
128,1000,first,aho_corasick,5,39426181.000000000,35776606.399999999,44039436.200000003,3.957271435,3.864841304,4.335481411
128,1000,first,hash,5,143638.000000000,135464.600000000,168417.100000000,1.409149872,1.368695057,1.436420574
128,10000,all,aho_corasick,5,529638558.000000000,490786353.900000036,576234895.899999976,11.599093002,11.503972163,11.982928005
128,10000,all,hash,5,1514705.000000000,1344750.100000000,1983510.300000000,1.679330811,1.628563349,1.712531609
128,10000,first,aho_corasick,5,533958031.000000000,497025869.899999976,586720365.399999976,10.965139790,10.740637932,11.011318168
128,10000,first,hash,5,1431070.000000000,1321034.200000000,2268523.600000000,1.457185616,1.436408849,1.463036961
128,100000,all,hash,5,15706284.000000000,15359462.400000000,21459269.800000001,2.431873816,2.293579292,2.543596646
128,100000,first,hash,5,15506542.000000000,15081160.500000000,25923625.000000000,2.104077162,1.961435607,2.523813955
128,1000000,all,hash,5,195300274.000000000,188186580.000000000,211374560.599999994,2.969425391,2.870293642,3.096414404
128,1000000,first,hash,5,260496001.000000000,227616736.000000030,332116619.800000012,3.509216372,3.008985738,4.372171288
