k,patterns,mode,region,algorithm,min_bases_inclusive,max_bases_exclusive
4,1,all,0,hash,0.000000,466.161614
4,1,all,1,bndmq,466.161614,15775.179595
4,1,all,2,aho_corasick,15775.179595,
4,1,first,0,hash,0.000000,925.696070
4,1,first,1,bndmq,925.696070,23524.129516
4,1,first,2,aho_corasick,23524.129516,
4,2,all,0,hash,0.000000,4770.677159
4,2,all,1,bndmq,4770.677159,
4,2,first,0,hash,0.000000,8709.067373
4,2,first,1,bndmq,8709.067373,
4,4,all,0,hash,0.000000,16636.509073
4,4,all,1,aho_corasick,16636.509073,
4,4,first,0,hash,0.000000,69175.886960
4,4,first,1,aho_corasick,69175.886960,
4,8,all,0,hash,0.000000,9393.476908
4,8,all,1,aho_corasick,9393.476908,
4,8,first,0,hash,0.000000,73369.438086
4,8,first,1,aho_corasick,73369.438086,
4,16,all,0,hash,0.000000,14604.217417
4,16,all,1,aho_corasick,14604.217417,
4,16,first,0,hash,0.000000,158583.687733
4,16,first,1,aho_corasick,158583.687733,
4,32,all,0,hash,0.000000,11071.659310
4,32,all,1,aho_corasick,11071.659310,
4,32,first,0,hash,0.000000,318047.302520
4,32,first,1,aho_corasick,318047.302520,
4,64,all,0,hash,0.000000,10216.022737
4,64,all,1,aho_corasick,10216.022737,
4,64,first,0,hash,0.000000,758857.384267
4,64,first,1,aho_corasick,758857.384267,
4,128,all,0,hash,0.000000,33960.202080
4,128,all,1,aho_corasick,33960.202080,
4,128,first,0,hash,0.000000,
4,256,all,0,hash,0.000000,419684.976584
4,256,all,1,aho_corasick,419684.976584,
4,256,first,0,hash,0.000000,
6,1,all,0,hash,0.000000,320.480497
6,1,all,1,bndmq,320.480497,42000.115126
6,1,all,2,aho_corasick,42000.115126,
6,1,first,0,hash,0.000000,1234.805150
6,1,first,1,bndmq,1234.805150,29574.997097
6,1,first,2,aho_corasick,29574.997097,
6,2,all,0,hash,0.000000,1783.316435
6,2,all,1,bndmq,1783.316435,
6,2,first,0,hash,0.000000,3832.665076
6,2,first,1,bndmq,3832.665076,
6,4,all,0,hash,0.000000,106846.723979
6,4,all,1,aho_corasick,106846.723979,
6,4,first,0,hash,0.000000,152092.683173
6,4,first,1,aho_corasick,152092.683173,
6,8,all,0,hash,0.000000,42925.863720
6,8,all,1,aho_corasick,42925.863720,
6,8,first,0,hash,0.000000,66354.514893
6,8,first,1,aho_corasick,66354.514893,
6,16,all,0,hash,0.000000,48531.702301
6,16,all,1,aho_corasick,48531.702301,
6,16,first,0,hash,0.000000,141180.186199
6,16,first,1,aho_corasick,141180.186199,
6,32,all,0,hash,0.000000,89243.667816
6,32,all,1,aho_corasick,89243.667816,
6,32,first,0,hash,0.000000,384502.337949
6,32,first,1,aho_corasick,384502.337949,
6,64,all,0,hash,0.000000,123073.493250
6,64,all,1,aho_corasick,123073.493250,
6,64,first,0,hash,0.000000,548198.109131
6,64,first,1,aho_corasick,548198.109131,
6,128,all,0,hash,0.000000,116240.897940
6,128,all,1,aho_corasick,116240.897940,
6,128,first,0,hash,0.000000,1763727.232436
6,128,first,1,aho_corasick,1763727.232436,
6,256,all,0,hash,0.000000,178148.572627
6,256,all,1,aho_corasick,178148.572627,
6,256,first,0,hash,0.000000,4977060.528083
6,256,first,1,aho_corasick,4977060.528083,
6,1000,all,0,hash,0.000000,149035.976904
6,1000,all,1,aho_corasick,149035.976904,
6,1000,first,0,hash,0.000000,19890068.672243
6,1000,first,1,aho_corasick,19890068.672243,
8,1,all,0,hash,0.000000,296.459984
8,1,all,1,bndmq,296.459984,
8,1,first,0,hash,0.000000,454.761017
8,1,first,1,bndmq,454.761017,80368.917440
8,1,first,2,aho_corasick,80368.917440,
8,2,all,0,hash,0.000000,775.691789
8,2,all,1,bndmq,775.691789,
8,2,first,0,hash,0.000000,1540.986952
8,2,first,1,bndmq,1540.986952,
8,4,all,0,hash,0.000000,9677.068377
8,4,all,1,bndmq,9677.068377,
8,4,first,0,hash,0.000000,30252.708066
8,4,first,1,bndmq,30252.708066,
8,8,all,0,hash,0.000000,56866.708444
8,8,all,1,aho_corasick,56866.708444,
8,8,first,0,hash,0.000000,85192.391419
8,8,first,1,aho_corasick,85192.391419,
8,16,all,0,hash,0.000000,76458.464617
8,16,all,1,aho_corasick,76458.464617,
8,16,first,0,hash,0.000000,187401.685894
8,16,first,1,aho_corasick,187401.685894,
8,32,all,0,hash,0.000000,144292.254653
8,32,all,1,aho_corasick,144292.254653,
8,32,first,0,hash,0.000000,293131.785374
8,32,first,1,aho_corasick,293131.785374,
8,64,all,0,hash,0.000000,162372.320730
8,64,all,1,aho_corasick,162372.320730,
8,64,first,0,hash,0.000000,346621.815667
8,64,first,1,aho_corasick,346621.815667,
8,128,all,0,hash,0.000000,447984.930595
8,128,all,1,aho_corasick,447984.930595,
8,128,first,0,hash,0.000000,2487101.323866
8,128,first,1,aho_corasick,2487101.323866,
8,256,all,0,hash,0.000000,1766390.296335
8,256,all,1,aho_corasick,1766390.296335,
8,256,first,0,hash,0.000000,25657270.520671
8,256,first,1,aho_corasick,25657270.520671,
8,1000,all,0,hash,0.000000,
8,1000,first,0,hash,0.000000,
8,10000,all,0,hash,0.000000,
8,10000,first,0,hash,0.000000,
10,1,all,0,hash,0.000000,307.698379
10,1,all,1,bndmq,307.698379,
10,1,first,0,hash,0.000000,359.813967
10,1,first,1,bndmq,359.813967,691432.535168
10,1,first,2,aho_corasick,691432.535168,
10,2,all,0,hash,0.000000,848.544028
10,2,all,1,bndmq,848.544028,
10,2,first,0,hash,0.000000,1273.542758
10,2,first,1,bndmq,1273.542758,
10,4,all,0,hash,0.000000,3275.610353
10,4,all,1,bndmq,3275.610353,
10,4,first,0,hash,0.000000,4952.353278
10,4,first,1,bndmq,4952.353278,
10,8,all,0,hash,0.000000,76187.897387
10,8,all,1,aho_corasick,76187.897387,
10,8,first,0,hash,0.000000,136961.132694
10,8,first,1,aho_corasick,136961.132694,
10,16,all,0,hash,0.000000,87777.199643
10,16,all,1,aho_corasick,87777.199643,
10,16,first,0,hash,0.000000,154135.612329
10,16,first,1,aho_corasick,154135.612329,
10,32,all,0,hash,0.000000,180340.409917
10,32,all,1,aho_corasick,180340.409917,
10,32,first,0,hash,0.000000,290895.551745
10,32,first,1,aho_corasick,290895.551745,
10,64,all,0,hash,0.000000,482082.271637
10,64,all,1,aho_corasick,482082.271637,
10,64,first,0,hash,0.000000,617058.625053
10,64,first,1,aho_corasick,617058.625053,
10,128,all,0,hash,0.000000,854652.617864
10,128,all,1,aho_corasick,854652.617864,
10,128,first,0,hash,0.000000,1000064.998266
10,128,first,1,aho_corasick,1000064.998266,
10,256,all,0,hash,0.000000,4946944.191110
10,256,all,1,aho_corasick,4946944.191110,
10,256,first,0,hash,0.000000,4883168.955390
10,256,first,1,aho_corasick,4883168.955390,
10,1000,all,0,hash,0.000000,
10,1000,first,0,hash,0.000000,
10,10000,all,0,hash,0.000000,
10,10000,first,0,hash,0.000000,
10,100000,all,0,hash,0.000000,
10,100000,first,0,hash,0.000000,
10,1000000,first,0,hash,0.000000,
12,1,all,0,hash,0.000000,203.932412
12,1,all,1,bndmq,203.932412,
12,1,first,0,hash,0.000000,399.651966
12,1,first,1,bndmq,399.651966,
12,2,all,0,hash,0.000000,717.108077
12,2,all,1,bndmq,717.108077,
12,2,first,0,hash,0.000000,1082.928340
12,2,first,1,bndmq,1082.928340,
12,4,all,0,hash,0.000000,2120.261373
12,4,all,1,bndmq,2120.261373,
12,4,first,0,hash,0.000000,3042.742549
12,4,first,1,bndmq,3042.742549,
12,8,all,0,hash,0.000000,29823.288529
12,8,all,1,bndmq,29823.288529,94505.894458
12,8,all,2,aho_corasick,94505.894458,
12,8,first,0,hash,0.000000,148558.447204
12,8,first,1,aho_corasick,148558.447204,
12,16,all,0,hash,0.000000,105837.547945
12,16,all,1,aho_corasick,105837.547945,
12,16,first,0,hash,0.000000,198266.890120
12,16,first,1,aho_corasick,198266.890120,
12,32,all,0,hash,0.000000,250582.613290
12,32,all,1,aho_corasick,250582.613290,
12,32,first,0,hash,0.000000,489410.692406
12,32,first,1,aho_corasick,489410.692406,
12,64,all,0,hash,0.000000,693468.001778
12,64,all,1,aho_corasick,693468.001778,
12,64,first,0,hash,0.000000,791619.580004
12,64,first,1,aho_corasick,791619.580004,
12,128,all,0,hash,0.000000,1101236.245481
12,128,all,1,aho_corasick,1101236.245481,
12,128,first,0,hash,0.000000,1743704.974360
12,128,first,1,aho_corasick,1743704.974360,
12,256,all,0,hash,0.000000,2818923.837612
12,256,all,1,aho_corasick,2818923.837612,
12,256,first,0,hash,0.000000,
12,1000,all,0,hash,0.000000,
12,1000,first,0,hash,0.000000,
12,10000,all,0,hash,0.000000,
12,10000,first,0,hash,0.000000,
12,100000,all,0,hash,0.000000,
12,100000,first,0,hash,0.000000,
12,1000000,all,0,hash,0.000000,
12,1000000,first,0,hash,0.000000,
16,1,all,0,hash,0.000000,281.562582
16,1,all,1,bndmq,281.562582,
16,1,first,0,hash,0.000000,387.331523
16,1,first,1,bndmq,387.331523,
16,2,all,0,hash,0.000000,642.212157
16,2,all,1,bndmq,642.212157,
16,2,first,0,hash,0.000000,1032.837475
16,2,first,1,bndmq,1032.837475,
16,4,all,0,hash,0.000000,1736.115640
16,4,all,1,bndmq,1736.115640,
16,4,first,0,hash,0.000000,2536.114426
16,4,first,1,bndmq,2536.114426,
16,8,all,0,hash,0.000000,6839.435608
16,8,all,1,bndmq,6839.435608,
16,8,first,0,hash,0.000000,12527.195290
16,8,first,1,bndmq,12527.195290,
16,16,all,0,hash,0.000000,156227.695458
16,16,all,1,aho_corasick,156227.695458,
16,16,first,0,hash,0.000000,326760.222606
16,16,first,1,aho_corasick,326760.222606,
16,32,all,0,hash,0.000000,396048.234288
16,32,all,1,aho_corasick,396048.234288,
16,32,first,0,hash,0.000000,605114.774138
16,32,first,1,aho_corasick,605114.774138,
16,64,all,0,hash,0.000000,1197713.036299
16,64,all,1,aho_corasick,1197713.036299,
16,64,first,0,hash,0.000000,1643241.033086
16,64,first,1,aho_corasick,1643241.033086,
16,128,all,0,hash,0.000000,3072958.513389
16,128,all,1,aho_corasick,3072958.513389,
16,128,first,0,hash,0.000000,8147589.804982
16,128,first,1,aho_corasick,8147589.804982,
16,256,all,0,hash,0.000000,
16,256,first,0,hash,0.000000,
16,1000,all,0,hash,0.000000,
16,1000,first,0,hash,0.000000,
16,10000,all,0,hash,0.000000,
16,10000,first,0,hash,0.000000,
16,100000,all,0,hash,0.000000,
16,100000,first,0,hash,0.000000,
16,1000000,all,0,hash,0.000000,
16,1000000,first,0,hash,0.000000,
20,1,all,0,hash,0.000000,270.864460
20,1,all,1,bndmq,270.864460,
20,1,first,0,hash,0.000000,446.823587
20,1,first,1,bndmq,446.823587,
20,2,all,0,hash,0.000000,679.750641
20,2,all,1,bndmq,679.750641,
20,2,first,0,hash,0.000000,1063.230265
20,2,first,1,bndmq,1063.230265,
20,4,all,0,hash,0.000000,1572.972411
20,4,all,1,bndmq,1572.972411,
20,4,first,0,hash,0.000000,2457.517749
20,4,first,1,bndmq,2457.517749,
20,8,all,0,hash,0.000000,4408.264012
20,8,all,1,bndmq,4408.264012,
20,8,first,0,hash,0.000000,6436.811895
20,8,first,1,bndmq,6436.811895,
20,16,all,0,hash,0.000000,381722.186926
20,16,all,1,aho_corasick,381722.186926,
20,16,first,0,hash,0.000000,368529.714935
20,16,first,1,aho_corasick,368529.714935,
20,32,all,0,hash,0.000000,530783.223887
20,32,all,1,aho_corasick,530783.223887,
20,32,first,0,hash,0.000000,969328.871006
20,32,first,1,aho_corasick,969328.871006,
20,64,all,0,hash,0.000000,1278481.450860
20,64,all,1,aho_corasick,1278481.450860,
20,64,first,0,hash,0.000000,2217225.233035
20,64,first,1,aho_corasick,2217225.233035,
20,128,all,0,hash,0.000000,2215093.531722
20,128,all,1,aho_corasick,2215093.531722,
20,128,first,0,hash,0.000000,3919038.075859
20,128,first,1,aho_corasick,3919038.075859,
20,256,all,0,hash,0.000000,
20,256,first,0,hash,0.000000,
20,1000,all,0,hash,0.000000,
20,1000,first,0,hash,0.000000,
20,10000,all,0,hash,0.000000,
20,10000,first,0,hash,0.000000,
20,100000,all,0,hash,0.000000,
20,100000,first,0,hash,0.000000,
20,1000000,all,0,hash,0.000000,
20,1000000,first,0,hash,0.000000,
24,1,all,0,hash,0.000000,321.732926
24,1,all,1,bndmq,321.732926,
24,1,first,0,hash,0.000000,613.968358
24,1,first,1,bndmq,613.968358,
24,2,all,0,hash,0.000000,860.724013
24,2,all,1,bndmq,860.724013,
24,2,first,0,hash,0.000000,837.818979
24,2,first,1,bndmq,837.818979,
24,4,all,0,hash,0.000000,1411.133023
24,4,all,1,bndmq,1411.133023,
24,4,first,0,hash,0.000000,2505.591854
24,4,first,1,bndmq,2505.591854,
24,8,all,0,hash,0.000000,3870.955193
24,8,all,1,bndmq,3870.955193,
24,8,first,0,hash,0.000000,4814.286910
24,8,first,1,bndmq,4814.286910,
24,16,all,0,hash,0.000000,149186.227872
24,16,all,1,bndmq,149186.227872,369422.447191
24,16,all,2,aho_corasick,369422.447191,
24,16,first,0,hash,0.000000,1683133.344376
24,16,first,1,aho_corasick,1683133.344376,
24,32,all,0,hash,0.000000,1287432.934811
24,32,all,1,aho_corasick,1287432.934811,
24,32,first,0,hash,0.000000,4724042.811711
24,32,first,1,aho_corasick,4724042.811711,
24,64,all,0,hash,0.000000,1470059.927827
24,64,all,1,aho_corasick,1470059.927827,
24,64,first,0,hash,0.000000,3806251.214237
24,64,first,1,aho_corasick,3806251.214237,
24,128,all,0,hash,0.000000,37983926.474841
24,128,all,1,aho_corasick,37983926.474841,
24,128,first,0,hash,0.000000,
24,256,all,0,hash,0.000000,
24,256,first,0,hash,0.000000,
24,1000,all,0,hash,0.000000,
24,1000,first,0,hash,0.000000,
24,10000,all,0,hash,0.000000,
24,10000,first,0,hash,0.000000,
24,100000,all,0,hash,0.000000,
24,100000,first,0,hash,0.000000,
24,1000000,all,0,hash,0.000000,
24,1000000,first,0,hash,0.000000,
31,1,all,0,hash,0.000000,258.607873
31,1,all,1,bndmq,258.607873,
31,1,first,0,hash,0.000000,322.746243
31,1,first,1,bndmq,322.746243,
31,2,all,0,hash,0.000000,561.547195
31,2,all,1,bndmq,561.547195,
31,2,first,0,hash,0.000000,767.779662
31,2,first,1,bndmq,767.779662,
31,4,all,0,hash,0.000000,1225.803106
31,4,all,1,bndmq,1225.803106,
31,4,first,0,hash,0.000000,1803.308265
31,4,first,1,bndmq,1803.308265,
31,8,all,0,hash,0.000000,3229.243769
31,8,all,1,bndmq,3229.243769,
31,8,first,0,hash,0.000000,3841.370021
31,8,first,1,bndmq,3841.370021,
31,16,all,0,hash,0.000000,16144.003894
31,16,all,1,bndmq,16144.003894,
31,16,first,0,hash,0.000000,22433.014011
31,16,first,1,bndmq,22433.014011,
31,32,all,0,hash,0.000000,725803.743568
31,32,all,1,aho_corasick,725803.743568,
31,32,first,0,hash,0.000000,3498377.828434
31,32,first,1,aho_corasick,3498377.828434,
31,64,all,0,hash,0.000000,2933774.206625
31,64,all,1,aho_corasick,2933774.206625,
31,64,first,0,hash,0.000000,8513238.691993
31,64,first,1,aho_corasick,8513238.691993,
31,128,all,0,hash,0.000000,10326414.001766
31,128,all,1,aho_corasick,10326414.001766,
31,128,first,0,hash,0.000000,
31,256,all,0,hash,0.000000,
31,256,first,0,hash,0.000000,
31,1000,all,0,hash,0.000000,
31,1000,first,0,hash,0.000000,
31,10000,all,0,hash,0.000000,
31,10000,first,0,hash,0.000000,
31,100000,all,0,hash,0.000000,
31,100000,first,0,hash,0.000000,
31,1000000,all,0,hash,0.000000,
31,1000000,first,0,hash,0.000000,
40,1,all,0,hash,0.000000,350.611815
40,1,all,1,bndmq,350.611815,
40,1,first,0,hash,0.000000,320.459376
40,1,first,1,bndmq,320.459376,
40,2,all,0,hash,0.000000,597.038399
40,2,all,1,bndmq,597.038399,
40,2,first,0,hash,0.000000,890.465779
40,2,first,1,bndmq,890.465779,
40,4,all,0,hash,0.000000,1241.873536
40,4,all,1,bndmq,1241.873536,
40,4,first,0,hash,0.000000,1892.791223
40,4,first,1,bndmq,1892.791223,
40,8,all,0,hash,0.000000,2483.404826
40,8,all,1,bndmq,2483.404826,
40,8,first,0,hash,0.000000,3300.596059
40,8,first,1,bndmq,3300.596059,
40,16,all,0,hash,0.000000,9764.834498
40,16,all,1,bndmq,9764.834498,
40,16,first,0,hash,0.000000,15442.739927
40,16,first,1,bndmq,15442.739927,
40,32,all,0,hash,0.000000,18558794.423030
40,32,all,1,aho_corasick,18558794.423030,
40,32,first,0,hash,0.000000,4297836.985660
40,32,first,1,aho_corasick,4297836.985660,
40,64,all,0,hash,0.000000,96852080.418584
40,64,all,1,aho_corasick,96852080.418584,
40,64,first,0,hash,0.000000,
40,128,all,0,hash,0.000000,
40,128,first,0,hash,0.000000,
40,256,all,0,hash,0.000000,
40,256,first,0,hash,0.000000,
40,1000,all,0,hash,0.000000,
40,1000,first,0,hash,0.000000,
40,10000,all,0,hash,0.000000,
40,10000,first,0,hash,0.000000,
40,100000,all,0,hash,0.000000,
40,100000,first,0,hash,0.000000,
40,1000000,all,0,hash,0.000000,
40,1000000,first,0,hash,0.000000,
48,1,all,0,hash,0.000000,232.557165
48,1,all,1,bndmq,232.557165,
48,1,first,0,hash,0.000000,317.682240
48,1,first,1,bndmq,317.682240,
48,2,all,0,hash,0.000000,627.012758
48,2,all,1,bndmq,627.012758,
48,2,first,0,hash,0.000000,908.978399
48,2,first,1,bndmq,908.978399,
48,4,all,0,hash,0.000000,1112.865401
48,4,all,1,bndmq,1112.865401,
48,4,first,0,hash,0.000000,1829.997299
48,4,first,1,bndmq,1829.997299,
48,8,all,0,hash,0.000000,2288.067912
48,8,all,1,bndmq,2288.067912,
48,8,first,0,hash,0.000000,2302.907228
48,8,first,1,bndmq,2302.907228,
48,16,all,0,hash,0.000000,6532.622592
48,16,all,1,bndmq,6532.622592,
48,16,first,0,hash,0.000000,11495.704431
48,16,first,1,bndmq,11495.704431,
48,32,all,0,hash,0.000000,6104980.593171
48,32,all,1,aho_corasick,6104980.593171,
48,32,first,0,hash,0.000000,
48,64,all,0,hash,0.000000,
48,64,first,0,hash,0.000000,
48,128,all,0,hash,0.000000,
48,128,first,0,hash,0.000000,
48,256,all,0,hash,0.000000,
48,256,first,0,hash,0.000000,
48,1000,all,0,hash,0.000000,
48,1000,first,0,hash,0.000000,
48,10000,all,0,hash,0.000000,
48,10000,first,0,hash,0.000000,
48,100000,all,0,hash,0.000000,
48,100000,first,0,hash,0.000000,
48,1000000,all,0,hash,0.000000,
48,1000000,first,0,hash,0.000000,
64,1,all,0,hash,0.000000,285.923063
64,1,all,1,bndmq,285.923063,
64,1,first,0,hash,0.000000,532.982459
64,1,first,1,bndmq,532.982459,
64,2,all,0,hash,0.000000,635.645102
64,2,all,1,bndmq,635.645102,
64,2,first,0,hash,0.000000,893.264906
64,2,first,1,bndmq,893.264906,
64,4,all,0,hash,0.000000,1214.803536
64,4,all,1,bndmq,1214.803536,
64,4,first,0,hash,0.000000,1561.778325
64,4,first,1,bndmq,1561.778325,
64,8,all,0,hash,0.000000,3094.526826
64,8,all,1,bndmq,3094.526826,
64,8,first,0,hash,0.000000,3940.408655
64,8,first,1,bndmq,3940.408655,
64,16,all,0,hash,0.000000,5081.668069
64,16,all,1,bndmq,5081.668069,
64,16,first,0,hash,0.000000,8825.670582
64,16,first,1,bndmq,8825.670582,
64,32,all,0,hash,0.000000,39560.738979
64,32,all,1,bndmq,39560.738979,
64,32,first,0,hash,0.000000,
64,64,all,0,hash,0.000000,
64,64,first,0,hash,0.000000,
64,128,all,0,hash,0.000000,
64,128,first,0,hash,0.000000,
64,256,all,0,hash,0.000000,
64,256,first,0,hash,0.000000,
64,1000,all,0,hash,0.000000,
64,1000,first,0,hash,0.000000,
64,10000,all,0,hash,0.000000,
64,10000,first,0,hash,0.000000,
64,100000,all,0,hash,0.000000,
64,100000,first,0,hash,0.000000,
64,1000000,all,0,hash,0.000000,
64,1000000,first,0,hash,0.000000,
80,1,all,0,hash,0.000000,50048.456073
80,1,all,1,aho_corasick,50048.456073,
80,1,first,0,hash,0.000000,31260.310633
80,1,first,1,aho_corasick,31260.310633,
80,2,all,0,hash,0.000000,
80,2,first,0,hash,0.000000,
80,4,all,0,hash,0.000000,
80,4,first,0,hash,0.000000,
80,8,all,0,hash,0.000000,
80,8,first,0,hash,0.000000,
80,16,all,0,hash,0.000000,
80,16,first,0,hash,0.000000,
80,32,all,0,hash,0.000000,
80,32,first,0,hash,0.000000,
80,64,all,0,hash,0.000000,
80,64,first,0,hash,0.000000,
80,128,all,0,hash,0.000000,
80,128,first,0,hash,0.000000,
80,256,all,0,hash,0.000000,
80,256,first,0,hash,0.000000,
80,1000,all,0,hash,0.000000,
80,1000,first,0,hash,0.000000,
80,10000,all,0,hash,0.000000,
80,10000,first,0,hash,0.000000,
80,100000,all,0,hash,0.000000,
80,100000,first,0,hash,0.000000,
80,1000000,all,0,hash,0.000000,
80,1000000,first,0,hash,0.000000,
96,1,all,0,hash,0.000000,83164.447691
96,1,all,1,aho_corasick,83164.447691,
96,1,first,0,hash,0.000000,35205.574310
96,1,first,1,aho_corasick,35205.574310,
96,2,all,0,hash,0.000000,
96,2,first,0,hash,0.000000,
96,4,all,0,hash,0.000000,
96,4,first,0,hash,0.000000,
96,8,all,0,hash,0.000000,
96,8,first,0,hash,0.000000,
96,16,all,0,hash,0.000000,
96,16,first,0,hash,0.000000,
96,32,all,0,hash,0.000000,
96,32,first,0,hash,0.000000,
96,64,all,0,hash,0.000000,
96,64,first,0,hash,0.000000,
96,128,all,0,hash,0.000000,
96,128,first,0,hash,0.000000,
96,256,all,0,hash,0.000000,
96,256,first,0,hash,0.000000,
96,1000,all,0,hash,0.000000,
96,1000,first,0,hash,0.000000,
96,10000,all,0,hash,0.000000,
96,10000,first,0,hash,0.000000,
96,100000,all,0,hash,0.000000,
96,100000,first,0,hash,0.000000,
96,1000000,all,0,hash,0.000000,
96,1000000,first,0,hash,0.000000,
128,1,all,0,hash,0.000000,
128,1,first,0,hash,0.000000,47408.838133
128,1,first,1,aho_corasick,47408.838133,
128,2,all,0,hash,0.000000,
128,2,first,0,hash,0.000000,
128,4,all,0,hash,0.000000,
128,4,first,0,hash,0.000000,
128,8,all,0,hash,0.000000,
128,8,first,0,hash,0.000000,
128,16,all,0,hash,0.000000,
128,16,first,0,hash,0.000000,
128,32,all,0,hash,0.000000,
128,32,first,0,hash,0.000000,
128,64,all,0,hash,0.000000,
128,64,first,0,hash,0.000000,
128,128,all,0,hash,0.000000,
128,128,first,0,hash,0.000000,
128,256,all,0,hash,0.000000,
128,256,first,0,hash,0.000000,
128,1000,all,0,hash,0.000000,
128,1000,first,0,hash,0.000000,
128,10000,all,0,hash,0.000000,
128,10000,first,0,hash,0.000000,
128,100000,all,0,hash,0.000000,
128,100000,first,0,hash,0.000000,
128,1000000,all,0,hash,0.000000,
128,1000000,first,0,hash,0.000000,
